id,work_title,movement,clef,keysig,timesig,pae_data,rism_id,rism_opac_link,tu_da_link
30627478,Symphonie in G-Dur GWV 596 (1734),1. Allegro,G-2,xF,3,"{'8GDGDGD}/{G6B''C}{DEDC}{'BAGF}/{8G,B'E,B'E,B}/{'E6GA}",450002045,https://opac.rism.info/metaopac/search?View=rism&id=450002045,http://tudigit.ulb.tu-darmstadt.de/show/Mus-Ms-470-01/0002
30627480,Symphonie in G-Dur GWV 596 (1734),2. Largo,G-2,xF,c,{''36.GExD'B}{''GED'B}{''C'AxGE}{''C'AGE}/{''6E8AFG6E}q8E2(xD)/,450002045,https://opac.rism.info/metaopac/search?View=rism&id=450002045,http://tudigit.ulb.tu-darmstadt.de/show/Mus-Ms-470-01/0002
30627482,Symphonie in G-Dur GWV 596 (1734),3. Allegro,G-2,xF,2/4,''8D/G4B{6AF}/8G4A{6FD}/{EGFE}{DC'BA}/{8G''C}-'A/,450002045,https://opac.rism.info/metaopac/search?View=rism&id=450002045,http://tudigit.ulb.tu-darmstadt.de/show/Mus-Ms-470-01/0002
30627486,Symphonie in G-Dur GWV 597 (1735),1. Allegro,G-2,xF,c,{(''6GGG)}{(GGG)}{(GGG)}{(GGG)}{(GGG)}{(GGG)}{(GGG)}{(GGG)}/{(GGG)}{(GGG)},450002046,https://opac.rism.info/metaopac/search?View=rism&id=450002046,http://tudigit.ulb.tu-darmstadt.de/show/Mus-Ms-470-02/0002
30627488,Symphonie in G-Dur GWV 597 (1735),2. Andante,G-2,xF,3,{'6.E3G8F}-{6AG}{GFFG}/i/{8.E6''xD}q8D4E-/,450002046,https://opac.rism.info/metaopac/search?View=rism&id=450002046,http://tudigit.ulb.tu-darmstadt.de/show/Mus-Ms-470-02/0002
30627489,Symphonie in G-Dur GWV 597 (1735),3. Allegro,G-2,xF,c,{''68.GDD'B}{''8EC}qD{6C'B''8C}/{'6BGBG}{''D'B''D'B}{''8G'G}4-/{6BA8B}{6BA8B}''qC{'BA}4''C/,450002046,https://opac.rism.info/metaopac/search?View=rism&id=450002046,http://tudigit.ulb.tu-darmstadt.de/show/Mus-Ms-470-02/0002
30627492,Symphonie in F-Dur GWV 577 (1741),1. Largo,C-3,bB,c,'1A+/4A''Dq8C'4Bq8A{6GA8F}/4EFtG{8.A6F}/,450002047,https://opac.rism.info/metaopac/search?View=rism&id=450002047,http://tudigit.ulb.tu-darmstadt.de/show/Mus-Ms-470-03/0002
30627493,Symphonie in F-Dur GWV 577 (1741),2. Air 1,C-3,bB,3,{'8.6AB''CDCD}/{8'A6''DC}{'BAGF}{8AG}/{8.6AB''CDCD}/,450002047,https://opac.rism.info/metaopac/search?View=rism&id=450002047,http://tudigit.ulb.tu-darmstadt.de/show/Mus-Ms-470-03/0002
30627494,Symphonie in F-Dur GWV 577 (1741),3. Air 2,C-3,bB,6/8,{'8.A6BGA}/{FEFGAB}''4C8D/{'AAA}{6BAB''C'AB}/,450002047,https://opac.rism.info/metaopac/search?View=rism&id=450002047,http://tudigit.ulb.tu-darmstadt.de/show/Mus-Ms-470-03/0002
30627496,Symphonie in F-Dur GWV 577 (1741),4. Air 3,C-3,bB,c,4-{8'FF}{6FEFG}{8EE}/4Eqq6EFr{8GG}{6GFGA}{8FF}/4F{8BB},450002047,https://opac.rism.info/metaopac/search?View=rism&id=450002047,http://tudigit.ulb.tu-darmstadt.de/show/Mus-Ms-470-03/0002
30627497,Symphonie in F-Dur GWV 577 (1741),5. Air 4,C-3,bB,6/8,"{'8ABG}{FC,A}/{'ABG}F--/{''CD'6.B3B}{8B''C'6.A3A}/",450002047,https://opac.rism.info/metaopac/search?View=rism&id=450002047,http://tudigit.ulb.tu-darmstadt.de/show/Mus-Ms-470-03/0002
30627500,Symphonie in G-Dur GWV 610 (1743),1. Allegro,G-2,xF,c,{'8GD}6-{DEF}{8GD}6-{DEF}/{8GD}6-{DEF}{8GD''D'B}/''1G/,450002048,https://opac.rism.info/metaopac/search?View=rism&id=450002048,http://tudigit.ulb.tu-darmstadt.de/show/Mus-Ms-470-04/0002
30627501,Symphonie in G-Dur GWV 610 (1743),2. Andante,G-2,xF,c,{'6B8BBB''6G}{'B8BBB''6G}/{'A8AAA''6A}{'A8AAA6F}/{G8BB},450002048,https://opac.rism.info/metaopac/search?View=rism&id=450002048,http://tudigit.ulb.tu-darmstadt.de/show/Mus-Ms-470-04/0002
30627503,Symphonie in G-Dur GWV 610 (1743),3. Allegro,G-2,xF,2/4,''8G/488G{DC}/Ct{'B''G}/G{DC}/Ct{'B''D}/,450002048,https://opac.rism.info/metaopac/search?View=rism&id=450002048,http://tudigit.ulb.tu-darmstadt.de/show/Mus-Ms-470-04/0002
30627506,Symphonie in D-Dur GWV 520 (1744),1. (ohne Bezeichnung),G-2,xFC,c,{''8D'D}q''G{F6ED}{8A'A}6-{AB''C}/!{3DC'6B}!fff{8''F'F},450002049,https://opac.rism.info/metaopac/search?View=rism&id=450002049,http://tudigit.ulb.tu-darmstadt.de/show/Mus-Ms-470-05/0002
30627508,Symphonie in D-Dur GWV 520 (1744),2. Andante,G-2,xFC,c,{''6D8C6D}{D8C6D}q8E{6DCEC}4D/{'6B8A6B}q''C{'B8A6B}''qC{'BA''nC'A}4B/,450002049,https://opac.rism.info/metaopac/search?View=rism&id=450002049,http://tudigit.ulb.tu-darmstadt.de/show/Mus-Ms-470-05/0002
30627510,Symphonie in D-Dur GWV 520 (1744),3. Allegro,G-2,xFC,6/8,{'3DEFG6AAAA}{''D'AAAAA}/i/{6D3EFGFGABAB''C}{8D'GF}/,450002049,https://opac.rism.info/metaopac/search?View=rism&id=450002049,http://tudigit.ulb.tu-darmstadt.de/show/Mus-Ms-470-05/0002
30627514,Symphonie in G-Dur GWV 598 (1746),1. Allegro,G-2,xF,3,"{'8GGGGGG}/{6G''DEF}{8G'BGD}/{,G'GGGGG}/{6G''DEF}{8G'BGD}/",450002050,https://opac.rism.info/metaopac/search?View=rism&id=450002050,http://tudigit.ulb.tu-darmstadt.de/show/Mus-Ms-470-06/0002
30627515,Symphonie in G-Dur GWV 598 (1746),2. Tempo di menuet,G-2,xF,3,{''8(BAG)}qG4FG/{(8DC'B)}q4B2A/{(8''BAG)}qG4FG/,450002050,https://opac.rism.info/metaopac/search?View=rism&id=450002050,http://tudigit.ulb.tu-darmstadt.de/show/Mus-Ms-470-06/0002
30627517,Symphonie in G-Dur GWV 598 (1746),3. Air. Allegro,G-2,xF,2/4,{''8DG}/{6FGFE}{8DG}/{6FGFE}{8DC}/{'BAGnF}/qF4E{''8CC}/,450002050,https://opac.rism.info/metaopac/search?View=rism&id=450002050,http://tudigit.ulb.tu-darmstadt.de/show/Mus-Ms-470-06/0002
30627519,Symphonie in G-Dur GWV 598 (1746),4. Menuet,G-2,xF,3,'4GDG/A4.A{6B''C}/'4B{(''8EDC)}{('BAG)}/{FDADFD}/,450002050,https://opac.rism.info/metaopac/search?View=rism&id=450002050,http://tudigit.ulb.tu-darmstadt.de/show/Mus-Ms-470-06/0002
30627521,Symphonie in G-Dur GWV 598 (1746),5. Air en Gavotte,G-2,xF,c,''4DG/4.66G{AB}G{AB}/'4G''DDG/4.66G{AB}G{AB}/,450002050,https://opac.rism.info/metaopac/search?View=rism&id=450002050,http://tudigit.ulb.tu-darmstadt.de/show/Mus-Ms-470-06/0002
30627524,Symphonie in D-Dur GWV 530 (1746),1. Vivace,G-2,xFC,3,'8{DDFFAA}/''{DDFFAA}/'''{DDDDDD}/,450002051,https://opac.rism.info/metaopac/search?View=rism&id=450002051,http://tudigit.ulb.tu-darmstadt.de/show/Mus-Ms-470-07-i/0002
30627526,Symphonie in D-Dur GWV 530 (1746),2. Air. Vivace,G-2,xFC,c,'4DAAA/4.At{6B''C}4D{8FD}/4ED-{8AD}/4CD-{8FD}/,450002051,https://opac.rism.info/metaopac/search?View=rism&id=450002051,http://tudigit.ulb.tu-darmstadt.de/show/Mus-Ms-470-07-i/0002
30627528,Symphonie in D-Dur GWV 530 (1746),3. Air. Allegro,G-2,xFC,c,'8A/{BABA}{''AAA'A}/i/{68.BG}{''G'B},450002051,https://opac.rism.info/metaopac/search?View=rism&id=450002051,http://tudigit.ulb.tu-darmstadt.de/show/Mus-Ms-470-07-i/0002
30627529,Symphonie in D-Dur GWV 530 (1746),4. Air en Menuet,G-2,xFC,3,''4D'8{AAAA}/4A8{FFFF}/4F{8DDFA}/''4DFA/,450002051,https://opac.rism.info/metaopac/search?View=rism&id=450002051,http://tudigit.ulb.tu-darmstadt.de/show/Mus-Ms-470-07-i/0002
30627530,Symphonie in D-Dur GWV 530 (1746),5. Air. Largo,G-2,xFC,c,{''6.3DEFG}{8AB}q4D2C/{6.36ABG}{FGE}{6.E5FG8F}{3.A5B6G},450002051,https://opac.rism.info/metaopac/search?View=rism&id=450002051,http://tudigit.ulb.tu-darmstadt.de/show/Mus-Ms-470-07-i/0002
30627532,Symphonie in D-Dur GWV 530 (1746),6. Gigue,G-2,xFC,3/8,''8D/{8.A6B8A}/i/{DEF}/'A-''A/{ED'A}/,450002051,https://opac.rism.info/metaopac/search?View=rism&id=450002051,http://tudigit.ulb.tu-darmstadt.de/show/Mus-Ms-470-07-i/0002
30627543,Symphonie in F-Dur GWV 566 (1746),1. Vivace,G-2,bB,c,''4F8.6-'F{GAGA}/4BA''C8-3-{CDE}/4F8.6-'A{B''C'B''C}/,450002053,https://opac.rism.info/metaopac/search?View=rism&id=450002053,http://tudigit.ulb.tu-darmstadt.de/show/Mus-Ms-470-08/0002
30627545,Symphonie in F-Dur GWV 566 (1746),2. Air. Largo e piano,G-2,bB,c,'2FF/{8.A3B''C}'q8B{6AGFE}q4E2F/G,450002053,https://opac.rism.info/metaopac/search?View=rism&id=450002053,http://tudigit.ulb.tu-darmstadt.de/show/Mus-Ms-470-08/0002
30627547,Symphonie in F-Dur GWV 566 (1746),3. Menuet,G-2,bB,3,''4F{8.Ft6E}4F/'FA''C/4F{8.Ft6E}4F/'FA''C/,450002053,https://opac.rism.info/metaopac/search?View=rism&id=450002053,http://tudigit.ulb.tu-darmstadt.de/show/Mus-Ms-470-08/0002
30627548,Symphonie in F-Dur GWV 566 (1746),4. Bourée,G-2,bB,c,''4C/8{CFED}{CCCC}/{CFED}{C'BAG}/{FFFF}{FFFF}/,450002053,https://opac.rism.info/metaopac/search?View=rism&id=450002053,http://tudigit.ulb.tu-darmstadt.de/show/Mus-Ms-470-08/0002
30627550,Symphonie in F-Dur GWV 566 (1746),5. Air. Andante,G-2,bB,12/8,'1.F/{''8DC'B}{AGF}q4F2.E/{''8FED}4.Ct'qq6B''Cr,450002053,https://opac.rism.info/metaopac/search?View=rism&id=450002053,http://tudigit.ulb.tu-darmstadt.de/show/Mus-Ms-470-08/0002
30627552,Symphonie in F-Dur GWV 566 (1746),6. Gigue,G-2,bB,12/8,''8C/{8.F6G8F}{CDE}{8.F6G8F}{'FGA}/{6BAB''C8D}{C'BA}q4A4.G,450002053,https://opac.rism.info/metaopac/search?View=rism&id=450002053,http://tudigit.ulb.tu-darmstadt.de/show/Mus-Ms-470-08/0002
30627556,Symphonie in F-Dur GWV 565 (1746),1. Allegro,G-2,bB,c,'8F/{''CC8.C3DE}{6F'EFG}{8AF}/i/,450002054,https://opac.rism.info/metaopac/search?View=rism&id=450002054,http://tudigit.ulb.tu-darmstadt.de/show/Mus-Ms-470-09/0002
30627558,Symphonie in F-Dur GWV 565 (1746),2. Andante,G-2,bB,2/4,'4A''D/q8G{(FED)}qG{(FED)}/'4A''E/q8A{(GFE)}qA{(GFE)}/,450002054,https://opac.rism.info/metaopac/search?View=rism&id=450002054,http://tudigit.ulb.tu-darmstadt.de/show/Mus-Ms-470-09/0002
30627559,Symphonie in F-Dur GWV 565 (1746),3. Menuet,G-2,bB,3,'4F{68.''C'A}{''FC}/q4C'2B4A/F{''68.FC}{AF}/'4BA-/,450002054,https://opac.rism.info/metaopac/search?View=rism&id=450002054,http://tudigit.ulb.tu-darmstadt.de/show/Mus-Ms-470-09/0002
30627561,Symphonie in F-Dur GWV 565 (1746),4. Air. Vivace,G-2,bB,c,'4F{''8.C6C}4CF/DC2-/'4C{8.G6G}4G''C/'AG2-/,450002054,https://opac.rism.info/metaopac/search?View=rism&id=450002054,http://tudigit.ulb.tu-darmstadt.de/show/Mus-Ms-470-09/0002
30627563,Symphonie in F-Dur GWV 565 (1746),5. Air en Menuet,G-2,bB,3,{''8.C6C}/4DCF/qF2E{8.C6C}/4DCbE/qE2D{'8.G6G}/,450002054,https://opac.rism.info/metaopac/search?View=rism&id=450002054,http://tudigit.ulb.tu-darmstadt.de/show/Mus-Ms-470-09/0002
30627565,Symphonie in F-Dur GWV 565 (1746),6. Air,G-2,bB,2/4,''8F/{F'FFF}/{F6AG}{8F''F}/{F'FFF}/q4G4.Ft{''6AA}/,450002054,https://opac.rism.info/metaopac/search?View=rism&id=450002054,http://tudigit.ulb.tu-darmstadt.de/show/Mus-Ms-470-09/0002
30627568,Symphonie in D-Dur GWV 521 (1746),1. Vivace,G-2,xFC,3,{''8.D6D}/4DF{8.E6E}/2E{8.F6F}/4FA{8.G6G}/2G{8.F6F}/,450002055,https://opac.rism.info/metaopac/search?View=rism&id=450002055,http://tudigit.ulb.tu-darmstadt.de/show/Mus-Ms-470-10/0002
30627569,Symphonie in D-Dur GWV 521 (1746),2. Menuet,G-2,xFC,3,'2A{8.B''3CD}/4D{8C'B''qC'BA}/4AGF/2Ft4E/,450002055,https://opac.rism.info/metaopac/search?View=rism&id=450002055,http://tudigit.ulb.tu-darmstadt.de/show/Mus-Ms-470-10/0002
30627571,Symphonie in D-Dur GWV 521 (1746),3. Air en echo. Allegro,G-2,xFC,2/4,{'6FDAF}{''D'A''D'A}/{FDAD}{''D'A''FD}/{8A'A}4-/i/,450002055,https://opac.rism.info/metaopac/search?View=rism&id=450002055,http://tudigit.ulb.tu-darmstadt.de/show/Mus-Ms-470-10/0002
30627572,Symphonie in D-Dur GWV 521 (1746),4. Menuet,G-2,xFC,3,''4D4.G{6AB}/q8D2C4D/'A{''8.33EFG}{FGA}/4D,450002055,https://opac.rism.info/metaopac/search?View=rism&id=450002055,http://tudigit.ulb.tu-darmstadt.de/show/Mus-Ms-470-10/0002
30627574,Symphonie in D-Dur GWV 521 (1746),5. Bourée,G-2,xFC,c,'4A/''D{8'AG}qG4F{8ED}/''4D{8'AG}qG4F{8ED}/2''A{8GFED}/,450002055,https://opac.rism.info/metaopac/search?View=rism&id=450002055,http://tudigit.ulb.tu-darmstadt.de/show/Mus-Ms-470-10/0002
30627577,Symphonie in D-Dur GWV 540 (1746),1. Allegro,G-2,xFC,6/8,{'8D6FFAA}{''D'A''3DE6FEA}/{'8D6FFAA}{''8FE}-/,450002056,https://opac.rism.info/metaopac/search?View=rism&id=450002056,http://tudigit.ulb.tu-darmstadt.de/show/Mus-Ms-470-11/0002
30627578,Symphonie in D-Dur GWV 540 (1746),2. Menuet,G-2,xFC,3,''4D{8.33EFG}{FGA}/{'8.A''6nC}q8C'4B-/{3B''C8.D}{8(C'BA)}''4A/,450002056,https://opac.rism.info/metaopac/search?View=rism&id=450002056,http://tudigit.ulb.tu-darmstadt.de/show/Mus-Ms-470-11/0002
30627580,Symphonie in D-Dur GWV 540 (1746),3. Tempo di Sarabande,G-2,xFC,3,{''8.D6C}/q4C2D'4G/qG2F{''8.D6C}/q4C2D'4G/qG2F{''6.C3D8E}/,450002056,https://opac.rism.info/metaopac/search?View=rism&id=450002056,http://tudigit.ulb.tu-darmstadt.de/show/Mus-Ms-470-11/0002
30627581,Symphonie in D-Dur GWV 540 (1746),4. Air,G-2,xFC,6/8,{''8A'''D}-''4C8D/{6'FDFD8A}{FA''D}/{A'''D}-4''C8D/,450002056,https://opac.rism.info/metaopac/search?View=rism&id=450002056,http://tudigit.ulb.tu-darmstadt.de/show/Mus-Ms-470-11/0002
30627585,Symphonie in D-Dur GWV 541 (1746),1. Adagio; Allegro,G-2,xFC,2/4,''2F+/{6FxDDE}q4DE/2D+/{6D'BB''D}q4D(C)/{6DDDD}{'AAAG}/q8G{F6EF}{6.D5EF3GAB''C}/{6DDDD}{'AAAG}/,450002057,https://opac.rism.info/metaopac/search?View=rism&id=450002057,http://tudigit.ulb.tu-darmstadt.de/show/Mus-Ms-470-12/0002
30627587,Symphonie in D-Dur GWV 541 (1746),2. Air en Menuet,G-2,xFC,3,'8A4''D8FqF{E6DC}/{8D'A}4''D'A/{8BG}4BG/{8''D'A}''4D'A/,450002057,https://opac.rism.info/metaopac/search?View=rism&id=450002057,http://tudigit.ulb.tu-darmstadt.de/show/Mus-Ms-470-12/0002
30627588,Symphonie in D-Dur GWV 541 (1746),3. Air. Allegro,G-2,xFC,3,'8{AB''C}/4D8{DDDD}/{D'AB''CDE}/4F{8FFFF}/{FCDEFG}/,450002057,https://opac.rism.info/metaopac/search?View=rism&id=450002057,http://tudigit.ulb.tu-darmstadt.de/show/Mus-Ms-470-12/0002
30627589,Symphonie in D-Dur GWV 541 (1746),4. Menuet,G-2,bB,3,''4F2E/q4D2xC4D/G2A/q4G2F4E/DGxF/,450002057,https://opac.rism.info/metaopac/search?View=rism&id=450002057,http://tudigit.ulb.tu-darmstadt.de/show/Mus-Ms-470-12/0002
30627591,Symphonie in D-Dur GWV 541 (1746),5. Bourée,G-2,xFC,c,{''8FD}/4E{8FD}4E{8FD}/4A'AA{''8FD}/4E{8FD}4E{8FD}/,450002057,https://opac.rism.info/metaopac/search?View=rism&id=450002057,http://tudigit.ulb.tu-darmstadt.de/show/Mus-Ms-470-12/0002
30627595,Symphonie in G-Dur GWV 611 (1746),1. Vivace,G-2,xF,c,"{'8G6DG}{'8G6DG}{8B''D}4-/{'6GD,BG}{'GD,BG}{'8G,G}4-/{'8G6DG}{8G6DG}",450002058,https://opac.rism.info/metaopac/search?View=rism&id=450002058,http://tudigit.ulb.tu-darmstadt.de/show/Mus-Ms-470-13/0002
30627596,Symphonie in G-Dur GWV 611 (1746),2. Menuet,G-2,xF,3,'4G4.Gt{6FG}/4A''8D-D-/4D'4.At{6GA}/4B''8G-G-/,450002058,https://opac.rism.info/metaopac/search?View=rism&id=450002058,http://tudigit.ulb.tu-darmstadt.de/show/Mus-Ms-470-13/0002
30627597,Symphonie in G-Dur GWV 611 (1746),3. Largo,C-3,xF,c,{''8D'6.Bt''3C}{6D8D6D}{3.5DEDC'B''C'BAq8A}{G6-''D}/{3.5EnFED6C8EC6E},450002058,https://opac.rism.info/metaopac/search?View=rism&id=450002058,http://tudigit.ulb.tu-darmstadt.de/show/Mus-Ms-470-13/0002
30627598,Symphonie in G-Dur GWV 611 (1746),4. Gavotte,G-2,xF,c,'4GG/G{6BA8G}''2G/'4G{6BA8G}''2D/,450002058,https://opac.rism.info/metaopac/search?View=rism&id=450002058,http://tudigit.ulb.tu-darmstadt.de/show/Mus-Ms-470-13/0002
30627599,Symphonie in G-Dur GWV 611 (1746),5. Tempo di Sarabande,G-2,xF,3,{''8.G6F}/q8F4.G'{3B6.G}{''8C6DE}/q4E2D{8.G6F}/q8F4.G{'3G6.D}{''8D6EC}/,450002058,https://opac.rism.info/metaopac/search?View=rism&id=450002058,http://tudigit.ulb.tu-darmstadt.de/show/Mus-Ms-470-13/0002
30627601,Symphonie in G-Dur GWV 611 (1746),6. Gigue,G-2,xF,6/8,"{''6E6.D3C}/q8C{'8.68B''CD}{G'DE}/{8,B'C6''C'A}{8B6G''D8G}/{6FAAF8G}",450002058,https://opac.rism.info/metaopac/search?View=rism&id=450002058,http://tudigit.ulb.tu-darmstadt.de/show/Mus-Ms-470-13/0002
30627605,Symphonie in G-Dur GWV 578 (1748),1. Allegro,G-2,xF,c,'8D/{GGGG}{GGG3GAB''C}/{8D'GGG}{GGG3GAB''C}/{8D6(DEF)},450002059,https://opac.rism.info/metaopac/search?View=rism&id=450002059,http://tudigit.ulb.tu-darmstadt.de/show/Mus-Ms-470-14-i/0002
30627607,Symphonie in G-Dur GWV 578 (1748),2. Andante,G-2,bBE,c,"'4GD,G8-'D/{6.G3Bq6B8A}{6.A3''C}{(6'B''D'B)}{6.B3Gq6G8A}-D/",450002059,https://opac.rism.info/metaopac/search?View=rism&id=450002059,http://tudigit.ulb.tu-darmstadt.de/show/Mus-Ms-470-14-i/0002
30627609,Symphonie in G-Dur GWV 578 (1748),3. Menuet,G-2,xF,3,"'4G{68.BGAF}/4''DGD/'G{68.BGAF}/4G,G-/",450002059,https://opac.rism.info/metaopac/search?View=rism&id=450002059,http://tudigit.ulb.tu-darmstadt.de/show/Mus-Ms-470-14-i/0002
30627616,Symphonie in G-Dur GWV 579 (1748),1. Allegro,G-2,xF,12/8,"{,8GGG}{GGG}{'D,GG}{GGG}/{G6BG'D,B}{'GDBG''D'B}",450002061,https://opac.rism.info/metaopac/search?View=rism&id=450002061,http://tudigit.ulb.tu-darmstadt.de/show/Mus-Ms-470-15/0002
30627617,Symphonie in G-Dur GWV 579 (1748),2. Un poco andante,G-2,xF,2/4,'8B/''E4E{3EF6G}/q8AG4F8G/C'4B{3AG6F}/qA{GF8E},450002061,https://opac.rism.info/metaopac/search?View=rism&id=450002061,http://tudigit.ulb.tu-darmstadt.de/show/Mus-Ms-470-15/0002
30627619,Symphonie in G-Dur GWV 579 (1748),3. Menuet,G-2,xF,3,"{'8GB}q4B2A/{8A''C}q4C'2B/{8''C'A}{BG}{AF}/{866GBD}{,B'D,B}",450002061,https://opac.rism.info/metaopac/search?View=rism&id=450002061,http://tudigit.ulb.tu-darmstadt.de/show/Mus-Ms-470-15/0002
30627621,Symphonie in G-Dur GWV 579 (1748),4. Air. Andante,G-2,xF,c,'4D/G2G{8BG}/4A2D{8A''C}/qD4C'2B{''8D'B}/,450002061,https://opac.rism.info/metaopac/search?View=rism&id=450002061,http://tudigit.ulb.tu-darmstadt.de/show/Mus-Ms-470-15/0002
30627623,Symphonie in G-Dur GWV 579 (1748),5. Air en Menuet. Allegro,G-2,xF,3,'4D/GAtB/G''G'D/FGtA/D''DD/{8.Et6F}4GG/,450002061,https://opac.rism.info/metaopac/search?View=rism&id=450002061,http://tudigit.ulb.tu-darmstadt.de/show/Mus-Ms-470-15/0002
30627626,Symphonie in G-Dur GWV 580 (1748),1. Allegro,G-2,xF,3,{''8GDD'B}''qC{'6BA8G}/{''8GDD'B}''qC{'6BA8G}/{''3EF8.G}{6DC'BA}{8GB}/,450002062,https://opac.rism.info/metaopac/search?View=rism&id=450002062,http://tudigit.ulb.tu-darmstadt.de/show/Mus-Ms-470-16/0002
30627627,Symphonie in G-Dur GWV 580 (1748),2. Poco andante e piano,G-2,bBE,2/4,''4D/{36.BGAxF}{GDEC}/{'nB''D}q8D4C{36.E'G}/{xFDGD},450002062,https://opac.rism.info/metaopac/search?View=rism&id=450002062,http://tudigit.ulb.tu-darmstadt.de/show/Mus-Ms-470-16/0002
30627629,Symphonie in G-Dur GWV 580 (1748),3. Presto,G-2,xF,3/8,''8D/{6EF8G6FD}/{GFEDC'B}/{''CD8ED}/4D'8G/,450002062,https://opac.rism.info/metaopac/search?View=rism&id=450002062,http://tudigit.ulb.tu-darmstadt.de/show/Mus-Ms-470-16/0002
30627633,Symphonie in A-Dur GWV 612 (1748),1. Allegro moderato,G-2,xFCG,c,"{'6A''C'BA}{GFED}{8C''E}4-/{'6EAGF}{EDC,B}{8A''A}4-/",450002063,https://opac.rism.info/metaopac/search?View=rism&id=450002063,http://tudigit.ulb.tu-darmstadt.de/show/Mus-Ms-470-17/0002
30627634,Symphonie in A-Dur GWV 612 (1748),2. Air. Allegro,G-2,xFCG,c,"{8.6''CDCD}{'6B''C'B''C}{'8BG}/{A,A'CE}{8.33AB''C}{'B''CD}/",450002063,https://opac.rism.info/metaopac/search?View=rism&id=450002063,http://tudigit.ulb.tu-darmstadt.de/show/Mus-Ms-470-17/0002
30627635,Symphonie in A-Dur GWV 612 (1748),3. Andante,G-2,,c,'4A+{(6AB''C)}qD{(C'BA)}{E''E8D}+{(6D'B''C)}qE{(DC'B)}/{''A'A8A}+{(6A''ED)},450002063,https://opac.rism.info/metaopac/search?View=rism&id=450002063,http://tudigit.ulb.tu-darmstadt.de/show/Mus-Ms-470-17/0002
30627637,Symphonie in A-Dur GWV 612 (1748),4. Air. Allegro,G-2,xFCG,2/4,''4EA/{6C'B''8C}{'BE}/{6AG8A}{6AG8A}/{''DCqDC'B}/4A''E/,450002063,https://opac.rism.info/metaopac/search?View=rism&id=450002063,http://tudigit.ulb.tu-darmstadt.de/show/Mus-Ms-470-17/0002
30627639,Symphonie in A-Dur GWV 612 (1748),5. Menuet,G-2,xFCG,3,'2A{68.''C'A}/{DA}8G4''D8C/2F{68.BG}/{EA},450002063,https://opac.rism.info/metaopac/search?View=rism&id=450002063,http://tudigit.ulb.tu-darmstadt.de/show/Mus-Ms-470-17/0002
30627641,Symphonie in A-Dur GWV 612 (1748),6. Gique,G-2,xFCG,6/8,''8E/{8.F6nG8F}{8.E6EFxG}/{8.A6G8A}{'6AB''CDEF}/{8.nG6A8G},450002063,https://opac.rism.info/metaopac/search?View=rism&id=450002063,http://tudigit.ulb.tu-darmstadt.de/show/Mus-Ms-470-17/0002
30627645,Symphonie in G-Dur GWV 599 (1748),1. Allegro,G-2,xF,2/4,"{'8G,BB'D}/{D,G}6-{'DEF}/{8G,BB'D}/{D,G}''4G/{8DDDD}/",450002064,https://opac.rism.info/metaopac/search?View=rism&id=450002064,http://tudigit.ulb.tu-darmstadt.de/show/Mus-Ms-470-18/0002
30627646,Symphonie in G-Dur GWV 599 (1748),2. Un poco andante,G-2,xF,c,"{'6EEFF}{GGAA},2B/{'6G''C'BF}{GAq8GF}",450002064,https://opac.rism.info/metaopac/search?View=rism&id=450002064,http://tudigit.ulb.tu-darmstadt.de/show/Mus-Ms-470-18/0002
30627648,Symphonie in G-Dur GWV 599 (1748),3. Gavotte. Allegro,G-2,xF,c,"'4GB/AD4.D{6EF}/4G,G{''8GF}4E/qE2D{8GF}4E/",450002064,https://opac.rism.info/metaopac/search?View=rism&id=450002064,http://tudigit.ulb.tu-darmstadt.de/show/Mus-Ms-470-18/0002
30627650,Symphonie in G-Dur GWV 599 (1748),4. Andante,G-2,xF,c,'2EB/''4E8-C{C'B}-{3A6.F}/q6A{GFq8FE}-''C,450002064,https://opac.rism.info/metaopac/search?View=rism&id=450002064,http://tudigit.ulb.tu-darmstadt.de/show/Mus-Ms-470-18/0002
30627652,Symphonie in G-Dur GWV 599 (1748),5. Menuet,G-2,xF,3,"{'6GDEF}4GD/,BG-/{''6C'BAB}''4C-/{6'B''DC'B}4A-/",450002064,https://opac.rism.info/metaopac/search?View=rism&id=450002064,http://tudigit.ulb.tu-darmstadt.de/show/Mus-Ms-470-18/0002
30627656,Symphonie in G-Dur GWV 581 (1748),1. Presto,G-2,xF,6/8,{'8GB''C}{CEF}/{G'GG}{GGG}/{EGA}{B''CD}/{EC}-4.-/,450002065,https://opac.rism.info/metaopac/search?View=rism&id=450002065,http://tudigit.ulb.tu-darmstadt.de/show/Mus-Ms-470-19/0002
30627658,Symphonie in G-Dur GWV 581 (1748),2. Gratioso,G-2,,12/8,'8G/''48CEDFFE8--C/{'B''C'A}{GEF}4F8E,450002065,https://opac.rism.info/metaopac/search?View=rism&id=450002065,http://tudigit.ulb.tu-darmstadt.de/show/Mus-Ms-470-19/0002
30627659,Symphonie in G-Dur GWV 581 (1748),3. Presto,G-2,xF,6/8,{''8GGD}{GGD}/{EDC}qC'4B8A/{8.B''3xCD}{CD6E}{8D'A''3EF6G}/,450002065,https://opac.rism.info/metaopac/search?View=rism&id=450002065,http://tudigit.ulb.tu-darmstadt.de/show/Mus-Ms-470-19/0002
30627662,Symphonie in G-Dur GWV 582 (1748),1. Allegro,G-2,xF,3/8,"'{3GAB''C}{6DDDD}/{DGD,GB'D}/{3GAB''C}{6DDDD}/",450002066,https://opac.rism.info/metaopac/search?View=rism&id=450002066,http://tudigit.ulb.tu-darmstadt.de/show/Mus-Ms-470-20/0002
30627663,Symphonie in G-Dur GWV 582 (1748),2. Allegro,G-2,xF,c,"{'8BAB''C}4'BA/G''DD'D/{8BAB''C}4'BA/GDq8C4,B{8AG}/",450002066,https://opac.rism.info/metaopac/search?View=rism&id=450002066,http://tudigit.ulb.tu-darmstadt.de/show/Mus-Ms-470-20/0002
30627664,Symphonie in G-Dur GWV 582 (1748),3. Un poco allegro,G-2,xF,3,{8.6'GA}/{B''CD'B''CD}/{EFG'B''CD}/{EFG'DEF}/,450002066,https://opac.rism.info/metaopac/search?View=rism&id=450002066,http://tudigit.ulb.tu-darmstadt.de/show/Mus-Ms-470-20/0002
30627665,Symphonie in G-Dur GWV 582 (1748),4. Vivace,G-2,bBE,3,{''8xFGA}/B4A{6GxF}{GFGA}/4D8-{EDC}/'B''4C,450002066,https://opac.rism.info/metaopac/search?View=rism&id=450002066,http://tudigit.ulb.tu-darmstadt.de/show/Mus-Ms-470-20/0002
30627667,Symphonie in G-Dur GWV 582 (1748),5. Menuet,G-2,xF,3,''2.G/D/{'8GDA''C'B''D}/q4D2C'4B/D{8GDBG}/,450002066,https://opac.rism.info/metaopac/search?View=rism&id=450002066,http://tudigit.ulb.tu-darmstadt.de/show/Mus-Ms-470-20/0002
30627671,Symphonie in D-Dur GWV 512 (1748),1. Presto,G-2,xFC,c,'4A/''DDDD/8{DFED}{C'BAG}/{FADF}{A''DFD}/,450002067,https://opac.rism.info/metaopac/search?View=rism&id=450002067,http://tudigit.ulb.tu-darmstadt.de/show/Mus-Ms-470-21/0002
30627673,Symphonie in D-Dur GWV 512 (1748),2. Andante e piano,G-2,bB,c,"'8A/6{(''D'AF)}8{DD}''F{6(E'AE)}8{,AA}''G/6{(F'AG)}{(FED)}''8{AB}",450002067,https://opac.rism.info/metaopac/search?View=rism&id=450002067,http://tudigit.ulb.tu-darmstadt.de/show/Mus-Ms-470-21/0002
30627675,Symphonie in D-Dur GWV 512 (1748),3. Presto,G-2,xFC,3/8,{'8DFA}/{''3CD6E}{8DD}/{3DE6F}{8EF}/{GF}-/,450002067,https://opac.rism.info/metaopac/search?View=rism&id=450002067,http://tudigit.ulb.tu-darmstadt.de/show/Mus-Ms-470-21/0002
30627679,Symphonie in D-Dur GWV 531 (1748),1. Allegro,G-2,xFC,c,'8A/{''DDDD}4D+{8D3AGFE}/{8DDDD}4D+{8D3'AB''CD}/,450002068,https://opac.rism.info/metaopac/search?View=rism&id=450002068,http://tudigit.ulb.tu-darmstadt.de/show/Mus-Ms-470-22/0002
30627681,Symphonie in D-Dur GWV 531 (1748),2. Andante,G-2,xFC,3/8,3-{''FFF}{F'FFF}{6.F5BxA}/{3B''FFF}{F'FFF}{6.F5BxA}/{3B''DDD},450002068,https://opac.rism.info/metaopac/search?View=rism&id=450002068,http://tudigit.ulb.tu-darmstadt.de/show/Mus-Ms-470-22/0002
30627682,Symphonie in D-Dur GWV 531 (1748),3. Allegro,G-2,xFC,6/8,''8A/{8.68A'''D''A}{A'''D''A}/{8FD'A}{FDA}/{''8.F6A8F}{FDA}/,450002068,https://opac.rism.info/metaopac/search?View=rism&id=450002068,http://tudigit.ulb.tu-darmstadt.de/show/Mus-Ms-470-22/0002
30627685,Symphonie in D-Dur GWV 513 (1748),1. Allegro,G-2,xFC,c,{'6D''DC'B}{AGFE}{8D''6FD}{8A'''D}/!{'6DDDD}!ff{8D6FD}/,450002069,https://opac.rism.info/metaopac/search?View=rism&id=450002069,http://tudigit.ulb.tu-darmstadt.de/show/Mus-Ms-470-23/0002
30627687,Symphonie in D-Dur GWV 513 (1748),2. Andante e piano,G-2,bB,3/4,{''8DF}q6G{8FE}{36.xC'A''EC}/{8DxG}q4G2A/{8'B''D}{8.D6xC}{'36.GEGE}/,450002069,https://opac.rism.info/metaopac/search?View=rism&id=450002069,http://tudigit.ulb.tu-darmstadt.de/show/Mus-Ms-470-23/0002
30627689,Symphonie in D-Dur GWV 513 (1748),3. Allegro,G-2,xFC,3/8,{''8D3DE6F}{DE}/i/{6D'''8D6DDD}/{DDDDDD}/,450002069,https://opac.rism.info/metaopac/search?View=rism&id=450002069,http://tudigit.ulb.tu-darmstadt.de/show/Mus-Ms-470-23/0002
30627693,Symphonie in D-Dur GWV 532 (1748),1. Allegro,G-2,xFC,c,{'''6DC}/{8D''ABA}4D'A/{8D''ABA}4D'A/{6DFEF}{GAB''C},450002070,https://opac.rism.info/metaopac/search?View=rism&id=450002070,http://tudigit.ulb.tu-darmstadt.de/show/Mus-Ms-470-24/0002
30627694,Symphonie in D-Dur GWV 532 (1748),2. Andante,G-2,bB,3,"'4Dq8G4F{8ED}/{,A'F}q4F2E/4Dq8G4F{8ED}/{,A'A}q4A2G/",450002070,https://opac.rism.info/metaopac/search?View=rism&id=450002070,http://tudigit.ulb.tu-darmstadt.de/show/Mus-Ms-470-24/0002
30627695,Symphonie in D-Dur GWV 532 (1748),3. Menuet,G-2,xFC,3,''4A{8AB'''CD}/i/''4D{8.E3FG}{8FD}/4'GF-/,450002070,https://opac.rism.info/metaopac/search?View=rism&id=450002070,http://tudigit.ulb.tu-darmstadt.de/show/Mus-Ms-470-24/0002
30627698,Symphonie GWV 557 (1748),1. Allegro,G-2,bBEA,2/4,"{,3B'CD}/{8EGE,B}/{GBB(6B'CD)}/{8EGE,B}/",450002071,https://opac.rism.info/metaopac/search?View=rism&id=450002071,http://tudigit.ulb.tu-darmstadt.de/show/Mus-Ms-470-25/0002
30627699,Symphonie GWV 557 (1748),2. Andante e piano,G-2,bBEA,12/8,Fehler:533,450002071,https://opac.rism.info/metaopac/search?View=rism&id=450002071,http://tudigit.ulb.tu-darmstadt.de/show/Mus-Ms-470-25/0002
30627701,Symphonie GWV 557 (1748),3. Presto,G-2,bBEA,6/8,{'6E8GB''3CD}{633EEFGGA6BG}/{'E3EF6GEFD}{E3FGAB''CD}{6E'B}/,450002071,https://opac.rism.info/metaopac/search?View=rism&id=450002071,http://tudigit.ulb.tu-darmstadt.de/show/Mus-Ms-470-25/0002
30627705,Symphonie GWV 558 (1748),1. Allegro moderato,G-2,bBEA,3,"{'6GGGG}{BBBB}4E/,B--/{'6EEEE}{GGGG}4C/",450002072,https://opac.rism.info/metaopac/search?View=rism&id=450002072,http://tudigit.ulb.tu-darmstadt.de/show/Mus-Ms-470-26/0002
30627706,Symphonie GWV 558 (1748),2. Andante,G-2,bBEA,6/4,'4G{''8.C3DE}{8D'nB}q4B''2.C/'4G{''8.E3FG}{8FD}q4D2.E/{6'ECEC},450002072,https://opac.rism.info/metaopac/search?View=rism&id=450002072,http://tudigit.ulb.tu-darmstadt.de/show/Mus-Ms-470-26/0002
30627707,Symphonie GWV 558 (1748),3. Tempo di alla breve,G-2,bBEA,c,'1E/B/''4E{8FE}{DC'BA}/4GE-E/,450002072,https://opac.rism.info/metaopac/search?View=rism&id=450002072,http://tudigit.ulb.tu-darmstadt.de/show/Mus-Ms-470-26/0002
30627711,Symphonie GWV 559 (1748),1. Vivace,G-2,bBEA,6/4,!{''8.E6F}8E4B8E!f/E4G{8E'BG}{E6GE}{BG''E'B}{''GE8B}/,450002073,https://opac.rism.info/metaopac/search?View=rism&id=450002073,http://tudigit.ulb.tu-darmstadt.de/show/Mus-Ms-470-27/0002
30627713,Symphonie GWV 559 (1748),2. Un poco andante,G-2,bBEA,c,!{''6GC}8-4-!f/!{6DF}8-{6EG}8-!f/,450002073,https://opac.rism.info/metaopac/search?View=rism&id=450002073,http://tudigit.ulb.tu-darmstadt.de/show/Mus-Ms-470-27/0002
30627715,Symphonie GWV 559 (1748),3. Allegro,G-2,bBEA,c,'4GE2-/4''E'B2-/'4GE2-/4''E'B2-/,450002073,https://opac.rism.info/metaopac/search?View=rism&id=450002073,http://tudigit.ulb.tu-darmstadt.de/show/Mus-Ms-470-27/0002
30627716,Symphonie GWV 559 (1748),4. Andante,G-2,bBE,c,{''6.F3B8F}(6-{FE}){(DC'B)}{8BA}-B/{6(FA''C)}4F{6'''C''E}{8DC}-'B/,450002073,https://opac.rism.info/metaopac/search?View=rism&id=450002073,http://tudigit.ulb.tu-darmstadt.de/show/Mus-Ms-470-27/0002
30627718,Symphonie GWV 559 (1748),5. Presto,G-2,bBEA,3,'4E{8(GEG)}{(BGB)}/''4E'B-/E{8(GEG)}{(BGB)}/''4C'B-/,450002073,https://opac.rism.info/metaopac/search?View=rism&id=450002073,http://tudigit.ulb.tu-darmstadt.de/show/Mus-Ms-470-27/0002
30627722,Symphonie in F-Dur GWV 563 (1748),1. Allegro,G-2,bB,3,{'(8F''C'B)}{(8AGF)}{(8EDC)}/i/{(8FA''C)}{(6FEFG8A)},450002074,https://opac.rism.info/metaopac/search?View=rism&id=450002074,http://tudigit.ulb.tu-darmstadt.de/show/Mus-Ms-470-28/0002
30627723,Symphonie in F-Dur GWV 563 (1748),2. Andante,G-2,bB,c,{'6A''DDxC}q8C{D5DE6.F}q6G{FEqFED}qE{DCCE}/q8E4D'B,450002074,https://opac.rism.info/metaopac/search?View=rism&id=450002074,http://tudigit.ulb.tu-darmstadt.de/show/Mus-Ms-470-28/0002
30627725,Symphonie in F-Dur GWV 563 (1748),3. Allegro,G-2,bB,6/8,''8C/{DC}-{DC}-/{FED}qD4C'8F/{GF}-{GF}-/,450002074,https://opac.rism.info/metaopac/search?View=rism&id=450002074,http://tudigit.ulb.tu-darmstadt.de/show/Mus-Ms-470-28/0002
30627729,Symphonie in F-Dur GWV 564 (1748),1. Allegro,G-2,bB,c,'4C/FC-A/qG2F4-G/GC-B/qA2G4-''C/,450002075,https://opac.rism.info/metaopac/search?View=rism&id=450002075,http://tudigit.ulb.tu-darmstadt.de/show/Mus-Ms-470-29/0002
30627730,Symphonie in F-Dur GWV 564 (1748),2. Largo e soave e piano,G-2,bB,3,{'6D''DxCG}qG{8.F6E}q8E4D/{6'EGB''D}q8D4xC-/{'6FA''xCE}q8E4D-/,450002075,https://opac.rism.info/metaopac/search?View=rism&id=450002075,http://tudigit.ulb.tu-darmstadt.de/show/Mus-Ms-470-29/0002
30627731,Symphonie in F-Dur GWV 564 (1748),3. Allegro,G-2,bB,c,'4F/''CCCF/{3'AB8.''C}2C{'8AF}/''4CCCF/,450002075,https://opac.rism.info/metaopac/search?View=rism&id=450002075,http://tudigit.ulb.tu-darmstadt.de/show/Mus-Ms-470-29/0002
30627734,Symphonie in F-Dur GWV 567 (1748),1. Allegro,G-2,bB,c,''8F4.A8C4.F/'8A''4.C+{6CFED}{C'BAG}/{8FFGB}qB4A{8G''C}/,450002076,https://opac.rism.info/metaopac/search?View=rism&id=450002076,http://tudigit.ulb.tu-darmstadt.de/show/Mus-Ms-470-30/0002
30627735,Symphonie in F-Dur GWV 567 (1748),2. Air. Allegro,G-2,bB,c,{'8FFFF}4F{8.Ft3EF}/{8G3GFED}{8C3GFED}8C-4-/,450002076,https://opac.rism.info/metaopac/search?View=rism&id=450002076,http://tudigit.ulb.tu-darmstadt.de/show/Mus-Ms-470-30/0002
30627736,Symphonie in F-Dur GWV 567 (1748),3. Air en Sarabande,G-2,bBEA,3,''4Cqq6FGr{8(AGF)}q6A{8(GFnE)}/q6nE4FqF2bE/{(8bDFC)}{(CD'F)},450002076,https://opac.rism.info/metaopac/search?View=rism&id=450002076,http://tudigit.ulb.tu-darmstadt.de/show/Mus-Ms-470-30/0002
30627738,Symphonie in F-Dur GWV 567 (1748),4. Air. Allegro,G-2,bB,3,''8C/{(FAG)}{(F'AB)}{(''CDE)}/i/4FbED/,450002076,https://opac.rism.info/metaopac/search?View=rism&id=450002076,http://tudigit.ulb.tu-darmstadt.de/show/Mus-Ms-470-30/0002
30627740,Symphonie in F-Dur GWV 567 (1748),5. Andante,G-2,bB,c,'8C/{6.F5GA}{(6GFA)}{6.G5AB}{(6AGB)}8B4A8F/{''6.C5DE6}{(DCE)},450002076,https://opac.rism.info/metaopac/search?View=rism&id=450002076,http://tudigit.ulb.tu-darmstadt.de/show/Mus-Ms-470-30/0002
30627742,Symphonie in F-Dur GWV 567 (1748),6. Menuet,G-2,bB,3,''2C{3DE8.F}/2.C/'4FGA/''qC'2B4A/''CDE/,450002076,https://opac.rism.info/metaopac/search?View=rism&id=450002076,http://tudigit.ulb.tu-darmstadt.de/show/Mus-Ms-470-30/0002
30627744,Symphonie in F-Dur GWV 567 (1748),7. Andante,G-2,bB,c,'4Fq6B{8A6GF}{8''C'C}6-''{C6.D3E}/q6E{8F'F}6-{G6.A3nB}q6B{''8C'C}4-/,450002076,https://opac.rism.info/metaopac/search?View=rism&id=450002076,http://tudigit.ulb.tu-darmstadt.de/show/Mus-Ms-470-30/0002
30627746,Symphonie in F-Dur GWV 567 (1748),8. Menuet,G-2,bB,3,'4FGtA/D2F/4B''CtD/'E2G/''4C{668DCD}{EDE}/,450002076,https://opac.rism.info/metaopac/search?View=rism&id=450002076,http://tudigit.ulb.tu-darmstadt.de/show/Mus-Ms-470-30/0002
30627750,Symphonie in C-Dur GWV 501 (1748),1. Vivace,G-2,,c,{''8C'GGG}qA4G+{3GCDEFGAB}/{''8C'EEE}qF4E+{3ECDEFGAB}/,450002077,https://opac.rism.info/metaopac/search?View=rism&id=450002077,http://tudigit.ulb.tu-darmstadt.de/show/Mus-Ms-470-31/0002
30627751,Symphonie in C-Dur GWV 501 (1748),2. Tempo di menuet,G-2,,3,''4C{6DE8F}4E/q6F{8EDq6E8DCq6D8C'B}/''4.G{6AbB}{8A'A}/,450002077,https://opac.rism.info/metaopac/search?View=rism&id=450002077,http://tudigit.ulb.tu-darmstadt.de/show/Mus-Ms-470-31/0002
30627753,Symphonie in C-Dur GWV 501 (1748),3. Allegro,G-2,,c,''2C4.Ct{6'B''C}/4DC'B''C/'G''C{8.C6'B}4''C/DC2-/,450002077,https://opac.rism.info/metaopac/search?View=rism&id=450002077,http://tudigit.ulb.tu-darmstadt.de/show/Mus-Ms-470-31/0002
30627755,Symphonie in C-Dur GWV 501 (1748),4. Tempo di menuet,G-2,,3,'2Gqq6AbBr4A/2.A/''2Dqq6EFr4E/q8F{ED}4ED/CGA/,450002077,https://opac.rism.info/metaopac/search?View=rism&id=450002077,http://tudigit.ulb.tu-darmstadt.de/show/Mus-Ms-470-31/0002
30627756,Symphonie in C-Dur GWV 501 (1748),5. Tempo di Gavotte,G-2,,c,'4EG/8''{C'B''CD}{CEDC}/4DC'EG/8{''DCDE}{DFED}/4EC2G/,450002077,https://opac.rism.info/metaopac/search?View=rism&id=450002077,http://tudigit.ulb.tu-darmstadt.de/show/Mus-Ms-470-31/0002
30627759,Symphonie in C-Dur GWV 502 (1748),1. Presto,G-2,,c,''2CC/4C{8ED}4C'G/ECEG/''C{8ED}4C'G/,450002078,https://opac.rism.info/metaopac/search?View=rism&id=450002078,http://tudigit.ulb.tu-darmstadt.de/show/Mus-Ms-470-32/0002
30627761,Symphonie in C-Dur GWV 502 (1748),2. Andante,G-2,,12/8,''8G/q8F48E'B''CDq8F4.E48DG/CD4Eqq6FGr8F,450002078,https://opac.rism.info/metaopac/search?View=rism&id=450002078,http://tudigit.ulb.tu-darmstadt.de/show/Mus-Ms-470-32/0002
30627763,Symphonie in C-Dur GWV 502 (1748),3. Allegro,G-2,,c,'4B''C/DC'B''C/2'G4B''C/DC'B''C/2G,450002078,https://opac.rism.info/metaopac/search?View=rism&id=450002078,http://tudigit.ulb.tu-darmstadt.de/show/Mus-Ms-470-32/0002
30627764,Symphonie in C-Dur GWV 502 (1748),4. Tempo di menuet,G-2,,3,{''6AGFE}4AG/{6FEDC}4ED/{8CE}4GE/i/,450002078,https://opac.rism.info/metaopac/search?View=rism&id=450002078,http://tudigit.ulb.tu-darmstadt.de/show/Mus-Ms-470-32/0002
30627766,Symphonie in C-Dur GWV 502 (1748),5. Menuet,G-2,,3,''2C{8EG}/i/{'AB''CDEF}/4G{8FE}4D/{8EG}2C/,450002078,https://opac.rism.info/metaopac/search?View=rism&id=450002078,http://tudigit.ulb.tu-darmstadt.de/show/Mus-Ms-470-32/0002
30627770,Symphonie in D-Dur GWV 514 (1748),1. Vivace,G-2,xFC,c,'''4D{''(6ADE)}{(6FED)}{8A'A}4-/8-4A8GqF4E-/,450002079,https://opac.rism.info/metaopac/search?View=rism&id=450002079,http://tudigit.ulb.tu-darmstadt.de/show/Mus-Ms-470-33/0002
30627772,Symphonie in D-Dur GWV 514 (1748),2. Andante e piano,G-2,xFC,c,2-{'8Bt''F}4-/{8FtB}4-2-/,450002079,https://opac.rism.info/metaopac/search?View=rism&id=450002079,http://tudigit.ulb.tu-darmstadt.de/show/Mus-Ms-470-33/0002
30627775,Symphonie in D-Dur GWV 514 (1748),3. Menuet,G-2,xFC,3,{''8.Dt6E}q8E4F+{8FA}/4AG-/{8.Ct6D}q8D4E+{8EG}/4GF-/,450002079,https://opac.rism.info/metaopac/search?View=rism&id=450002079,http://tudigit.ulb.tu-darmstadt.de/show/Mus-Ms-470-33/0002
30627777,Symphonie in D-Dur GWV 514 (1748),4. Gavotte. Allegro,G-2,xFC,c,''668!{DEF}{CDE}!/ff/4D'D''AF/,450002079,https://opac.rism.info/metaopac/search?View=rism&id=450002079,http://tudigit.ulb.tu-darmstadt.de/show/Mus-Ms-470-33/0002
30627781,Symphonie in D-Dur GWV 533 (1748),1. Allegro,G-2,xFC,3/4,{''8D'DDD}{D3DEFG}/{8ADDD}{D3DEFG}/{6A''DC'B}{AGFE},450002080,https://opac.rism.info/metaopac/search?View=rism&id=450002080,http://tudigit.ulb.tu-darmstadt.de/show/Mus-Ms-470-34/0002
30627782,Symphonie in D-Dur GWV 533 (1748),2. Andante,G-2,xFC,c,'8F/B4B{6.B5''CD}8C4F'8F/B4B{6.B5''CD}8C'4F{''6.C3E}/,450002080,https://opac.rism.info/metaopac/search?View=rism&id=450002080,http://tudigit.ulb.tu-darmstadt.de/show/Mus-Ms-470-34/0002
30627784,Symphonie in D-Dur GWV 533 (1748),3. Menuet,G-2,xFC,3,'8{D''D'E''D'F''D}/{'E''D'F''D'G''D}/{'F''D'G''D'A''D}/4'BA-/,450002080,https://opac.rism.info/metaopac/search?View=rism&id=450002080,http://tudigit.ulb.tu-darmstadt.de/show/Mus-Ms-470-34/0002
30627785,Symphonie in D-Dur GWV 533 (1748),4. Andante,G-2,xF,c,'8D/{6.38GBA}{A''C'B}{36.BG''C'A}{BGAF}/{6.G3B8A}-A{6.B5''CD},450002080,https://opac.rism.info/metaopac/search?View=rism&id=450002080,http://tudigit.ulb.tu-darmstadt.de/show/Mus-Ms-470-34/0002
30627787,Symphonie in D-Dur GWV 533 (1748),5. Menuet,G-2,xFC,3,''4A'''D''F/D8{E'''DC''E}/4DBD/DnC-/,450002080,https://opac.rism.info/metaopac/search?View=rism&id=450002080,http://tudigit.ulb.tu-darmstadt.de/show/Mus-Ms-470-34/0002
30627789,Symphonie in D-Dur GWV 533 (1748),6. Andante,G-2,xFC,c,'8F/{B''DFB}D4Cq8ED/{6'(BxAB)}{(B''CxD)}{8.E6F}q8E{nDC}-'F/,450002080,https://opac.rism.info/metaopac/search?View=rism&id=450002080,http://tudigit.ulb.tu-darmstadt.de/show/Mus-Ms-470-34/0002
30627791,Symphonie in D-Dur GWV 533 (1748),7. Air en Bourrée,G-2,xFC,c,''4F/ED'A''F/i/8{EC'B''C}{DEFxG}/4A'A-''D/,450002080,https://opac.rism.info/metaopac/search?View=rism&id=450002080,http://tudigit.ulb.tu-darmstadt.de/show/Mus-Ms-470-34/0002
30627794,Symphonie in D-Dur GWV 534 (1748),1. Allegro,G-2,xFC,3,{''6D'DDD}!{DDDD}!f/{''F'DDD}!{DDDD}!f/{''A'DDD}{DDDD},450002081,https://opac.rism.info/metaopac/search?View=rism&id=450002081,http://tudigit.ulb.tu-darmstadt.de/show/Mus-Ms-470-35/0002
30627795,Symphonie in D-Dur GWV 534 (1748),2. Rejouisance. Allegro,G-2,xFC,c,'8{DAAA}4A''D/8'{A''FFF}4FA/'DAA''D/,450002081,https://opac.rism.info/metaopac/search?View=rism&id=450002081,http://tudigit.ulb.tu-darmstadt.de/show/Mus-Ms-470-35/0002
30627796,Symphonie in D-Dur GWV 534 (1748),3. Andante,G-2,xF,3,{86.3'GDB}{BDB}{ADA}/q4A2.G/{86.3GD''D}{D'D''D}{C'D''C}/,450002081,https://opac.rism.info/metaopac/search?View=rism&id=450002081,http://tudigit.ulb.tu-darmstadt.de/show/Mus-Ms-470-35/0002
30627798,Symphonie in D-Dur GWV 534 (1748),4. Menuet,G-2,xFC,3,'2D{''6D'8.A}/''q6G{8FE}q4E2D/'A{6''E8.'A}/''q6A{8GF},450002081,https://opac.rism.info/metaopac/search?View=rism&id=450002081,http://tudigit.ulb.tu-darmstadt.de/show/Mus-Ms-470-35/0002
30627799,Symphonie in D-Dur GWV 534 (1748),5. Lira,G-2,xFC,c,''4A/AGFE/D2E4F/'AGFE/q4E2D4-A/,450002081,https://opac.rism.info/metaopac/search?View=rism&id=450002081,http://tudigit.ulb.tu-darmstadt.de/show/Mus-Ms-470-35/0002
30627800,Symphonie in D-Dur GWV 534 (1748),6. Air en Menuet. Allegro,G-2,xFC,3/8,{'8AB''C}/{D8.E3FG}/{6FAGFED}/{C'B}{AGFE}/,450002081,https://opac.rism.info/metaopac/search?View=rism&id=450002081,http://tudigit.ulb.tu-darmstadt.de/show/Mus-Ms-470-35/0002
30627804,Symphonie in G-Dur GWV 583 (1748),1. Allegro,G-2,xF,3/8,{'6G6.A''3C}/{CEDC}{'6.B3B''6.C3E}/{EGFE}{6.D3D6.E3G}/{GBAG}{FGFE}{DC'BA}/,450002082,https://opac.rism.info/metaopac/search?View=rism&id=450002082,http://tudigit.ulb.tu-darmstadt.de/show/Mus-Ms-470-36/0002
30627805,Symphonie in G-Dur GWV 583 (1748),2. Presto,G-2,xF,c,''2G/'4BB''q8C'4BA/qA2G''G/'4BB''q8C'4BA/,450002082,https://opac.rism.info/metaopac/search?View=rism&id=450002082,http://tudigit.ulb.tu-darmstadt.de/show/Mus-Ms-470-36/0002
30627806,Symphonie in G-Dur GWV 583 (1748),3. Allegro,G-2,xF,3/8,{'8.G6BA''C}/q8C{'B6ABGB}/{8.D6''C'B''D}/q8D{C6'B''C'A''C}/{'B''ED'GA''C}/,450002082,https://opac.rism.info/metaopac/search?View=rism&id=450002082,http://tudigit.ulb.tu-darmstadt.de/show/Mus-Ms-470-36/0002
30627808,Symphonie in G-Dur GWV 583 (1748),4. Presto,G-2,xF,2/4,''8D/{6ExC8D}{6EC8D}/{6GFED}{C'BAG}/{FA8G}{6FA8G}/,450002082,https://opac.rism.info/metaopac/search?View=rism&id=450002082,http://tudigit.ulb.tu-darmstadt.de/show/Mus-Ms-470-36/0002
30627810,Symphonie in G-Dur GWV 583 (1748),5. Presto,G-2,xF,3/8,"{''6GFGFE}/{F'A}{(DAB)}{(''C'BA)}/{6BGFEDC}/{,B'EDC,BA}/",450002082,https://opac.rism.info/metaopac/search?View=rism&id=450002082,http://tudigit.ulb.tu-darmstadt.de/show/Mus-Ms-470-36/0002
30627814,Symphonie in G-Dur GWV 584 (1748),1. Allegro,G-2,xF,2/4,''8D/{GGGG}/{6GABA}{8GD}+/D4E'8F/{FG}-''D/,450002083,https://opac.rism.info/metaopac/search?View=rism&id=450002083,http://tudigit.ulb.tu-darmstadt.de/show/Mus-Ms-470-37/0002
30627816,Symphonie in G-Dur GWV 584 (1748),2. Poco allegro,G-2,xF,6/8,"{''6E'E}-{''F8G}{GF}-/{'6B,B}-{''G8A}{AG}-/{3xDEDE}{DEDE}",450002083,https://opac.rism.info/metaopac/search?View=rism&id=450002083,http://tudigit.ulb.tu-darmstadt.de/show/Mus-Ms-470-37/0002
30627818,Symphonie in G-Dur GWV 584 (1748),3. Presto,G-2,xF,3/8,{'8GFG}/{AB''C}/{DEF}/{G'G}-/{''ABF}/qA{6GFED}{3CD6E}/,450002083,https://opac.rism.info/metaopac/search?View=rism&id=450002083,http://tudigit.ulb.tu-darmstadt.de/show/Mus-Ms-470-37/0002
30627822,Symphonie in G-Dur GWV 600 (1748),1. Allegro,G-2,xF,c,'2G{8BGAF}/{G''EDC}{'BAGF}/''2D8{GD'BG}/{3AB''8.C},450002084,https://opac.rism.info/metaopac/search?View=rism&id=450002084,http://tudigit.ulb.tu-darmstadt.de/show/Mus-Ms-470-38/0002
30627823,Symphonie in G-Dur GWV 600 (1748),2. Allegro,G-2,bBE,c,'4GA/qA2B4GA/qA2B''4ED/q8D4C{'8BA}''qC4'B{8AG}/,450002084,https://opac.rism.info/metaopac/search?View=rism&id=450002084,http://tudigit.ulb.tu-darmstadt.de/show/Mus-Ms-470-38/0002
30627824,Symphonie in G-Dur GWV 600 (1748),3. Vivace,G-2,xF,c,''2DG/q8G4.F8E{DAAF}/{GFED}{C'BAG}/,450002084,https://opac.rism.info/metaopac/search?View=rism&id=450002084,http://tudigit.ulb.tu-darmstadt.de/show/Mus-Ms-470-38/0002
30627826,Symphonie in G-Dur GWV 600 (1748),4. Un poco largo,G-2,bBEA,6/8,'4.B''E/{'8EEE}4E8F/qA4Gt8Fqq3FGr4.A/{8GEE}4E8F/,450002084,https://opac.rism.info/metaopac/search?View=rism&id=450002084,http://tudigit.ulb.tu-darmstadt.de/show/Mus-Ms-470-38/0002
30627828,Symphonie in G-Dur GWV 600 (1748),5. Allegro,G-2,xF,3/8,"'8B/''qD{C6'BAAF}/{8G,G''D}/qF{E6DCC'A}/{B''D}{'8G''G}/",450002084,https://opac.rism.info/metaopac/search?View=rism&id=450002084,http://tudigit.ulb.tu-darmstadt.de/show/Mus-Ms-470-38/0002
30627832,Symphonie in G-Dur GWV 601 (1748),1. Allegro moderato,G-2,xF,3,"{,6GAGA}{GAGA}{GAGA}/{GAGA}{8G'DGD}/",450002085,https://opac.rism.info/metaopac/search?View=rism&id=450002085,http://tudigit.ulb.tu-darmstadt.de/show/Mus-Ms-470-39/0002
30627833,Symphonie in G-Dur GWV 601 (1748),2. Poco largo e piano,G-2,xF,3,Fehler:533,450002085,https://opac.rism.info/metaopac/search?View=rism&id=450002085,http://tudigit.ulb.tu-darmstadt.de/show/Mus-Ms-470-39/0002
30627835,Symphonie in G-Dur GWV 601 (1748),3. Allegro,G-2,xF,3/8,{'8GGG}/i/''E4D/{8GD}-/{6BAGFED}/{AGFEDC}/,450002085,https://opac.rism.info/metaopac/search?View=rism&id=450002085,http://tudigit.ulb.tu-darmstadt.de/show/Mus-Ms-470-39/0002
30627839,Symphonie GWV 560 (1748),1. Vivace,G-2,bBEA,c,'{8EEEE}{EEEE}/{EEEE}{EEEE}/{EEEE},450002086,https://opac.rism.info/metaopac/search?View=rism&id=450002086,http://tudigit.ulb.tu-darmstadt.de/show/Mus-Ms-470-41/0002
30627841,Symphonie GWV 560 (1748),2. Poco allegro,G-2,bBEA,c,'2G{8AGFE}/4BGBG/2''E{8'GFEG}/,450002086,https://opac.rism.info/metaopac/search?View=rism&id=450002086,http://tudigit.ulb.tu-darmstadt.de/show/Mus-Ms-470-41/0002
30627842,Symphonie GWV 560 (1748),3. Allegro,G-2,bBEA,c,'4E/BBB''C/2Cqq6DEr'4B''E/-'F4.Ft{6EF}/,450002086,https://opac.rism.info/metaopac/search?View=rism&id=450002086,http://tudigit.ulb.tu-darmstadt.de/show/Mus-Ms-470-41/0002
30627843,Symphonie GWV 560 (1748),4. Poco allegro,G-2,bBEA,6/4,{''8G8.F6G}/q8F4.E{8G8.F6G}q8C'4.B{''8E8.6DE}/{'GAB''C'BA}q8A4.G{''8F8.E6F}/,450002086,https://opac.rism.info/metaopac/search?View=rism&id=450002086,http://tudigit.ulb.tu-darmstadt.de/show/Mus-Ms-470-41/0002
30627844,Symphonie GWV 560 (1748),5. Tempo di gavotte,G-2,bBEA,c,'4EF/q8A4G{8FE}''4CbD/DC'FG/q8B4A{8GF}''4DE/ED2F/,450002086,https://opac.rism.info/metaopac/search?View=rism&id=450002086,http://tudigit.ulb.tu-darmstadt.de/show/Mus-Ms-470-41/0002
30627848,Symphonie in D-Dur GWV 535 (1748),1. Allegro non molto,G-2,xFC,6/8,'8A/''{D6FE8D}4D'8A/q4G4.F+4F8A/8.{D6E8D}{DDE}/,450002087,https://opac.rism.info/metaopac/search?View=rism&id=450002087,http://tudigit.ulb.tu-darmstadt.de/show/Mus-Ms-470-40/0002
30627850,Symphonie in D-Dur GWV 535 (1748),2. Andante,G-2,xFC,c,'4BF''D8-'B/''4BFq6E{DCq8C'B}-''D/,450002087,https://opac.rism.info/metaopac/search?View=rism&id=450002087,http://tudigit.ulb.tu-darmstadt.de/show/Mus-Ms-470-40/0002
30627852,Symphonie in D-Dur GWV 535 (1748),3. Vivace,G-2,xFC,2/4,'4D{8.At3GA}/{8''D'D}-B/B4A{6EG}/{8GF}-{6GB}/,450002087,https://opac.rism.info/metaopac/search?View=rism&id=450002087,http://tudigit.ulb.tu-darmstadt.de/show/Mus-Ms-470-40/0002
30627856,Symphonie GWV 561 (1748),1. Allegro,G-2,bBEA,c,'8B/{''E'GBE}{''C'B}6-{''EEE}/{EEEE}{EEEE}{EDFE}{DC'BA}/,450002088,https://opac.rism.info/metaopac/search?View=rism&id=450002088,http://tudigit.ulb.tu-darmstadt.de/show/Mus-Ms-470-42/0002
30627858,Symphonie GWV 561 (1748),2. Andante,G-2,bBEA,6/4,'4E/2.B''qq6CbDr2.Cqq6nDEr/{'8GABG}4AqA2G4E/,450002088,https://opac.rism.info/metaopac/search?View=rism&id=450002088,http://tudigit.ulb.tu-darmstadt.de/show/Mus-Ms-470-42/0002
30627860,Symphonie GWV 561 (1748),3. Menuet,G-2,bBEA,3,''4EEE/i/E{8GFED}/4E{8'GEGE}/,450002088,https://opac.rism.info/metaopac/search?View=rism&id=450002088,http://tudigit.ulb.tu-darmstadt.de/show/Mus-Ms-470-42/0002
30627862,Symphonie GWV 561 (1748),4. Largo; Allegro,G-2,bBEA,c,'4EF2Gt/4.F@6/8 8''F/{8.68GFE}{FED}/{EDC}{'BAB}/,450002088,https://opac.rism.info/metaopac/search?View=rism&id=450002088,http://tudigit.ulb.tu-darmstadt.de/show/Mus-Ms-470-42/0002
30627864,Symphonie GWV 561 (1748),5. Tempo di menuet,G-2,bBEA,3,"'2.Eqq6FGAB''CDr/{8EEEEEE}/4,B'EG/F,B-/2.Bqq6'CDEFGnAr/",450002088,https://opac.rism.info/metaopac/search?View=rism&id=450002088,http://tudigit.ulb.tu-darmstadt.de/show/Mus-Ms-470-42/0002
30627868,Symphonie in C-Dur GWV 510 (1748),1. Allegro,G-2,,c,"{'8CEG''C}'4C-/,8{GB'DG},4G-/'''8{C''BAG}{FEDC}/",450002089,https://opac.rism.info/metaopac/search?View=rism&id=450002089,http://tudigit.ulb.tu-darmstadt.de/show/Mus-Ms-470-43/0002
30627870,Symphonie in C-Dur GWV 510 (1748),2. Andante,G-2,,6/4,''4G/'''2C4''G8{ECECEC}/4AGG2G4A/q4G2F4E,450002089,https://opac.rism.info/metaopac/search?View=rism&id=450002089,http://tudigit.ulb.tu-darmstadt.de/show/Mus-Ms-470-43/0002
30627872,Symphonie in C-Dur GWV 510 (1748),3. Allegro,G-2,,c,488''C{EC}E{GE}/2G'''C/4''CFq4F2E/4D'G2-://,450002089,https://opac.rism.info/metaopac/search?View=rism&id=450002089,http://tudigit.ulb.tu-darmstadt.de/show/Mus-Ms-470-43/0002
30627874,Symphonie in C-Dur GWV 510 (1748),4. Largo,G-2,,3,''4EAq8G4F/=1/{8.E6F}q8F4G'A/,450002089,https://opac.rism.info/metaopac/search?View=rism&id=450002089,http://tudigit.ulb.tu-darmstadt.de/show/Mus-Ms-470-43/0002
30627876,Symphonie in C-Dur GWV 510 (1748),5. Tempo di menuet,G-2,,3,{''8CG}4G{8.Gt3FG}/{8AG}4G-/{8AG}4G{6AGFE}/{8FD}-{6EF}{GFED}/,450002089,https://opac.rism.info/metaopac/search?View=rism&id=450002089,http://tudigit.ulb.tu-darmstadt.de/show/Mus-Ms-470-43/0002
30627880,Symphonie in D-Dur GWV 547 (1748),1. Allegro,G-2,xFC,c,{''8D'DDD}{8.Dt3EF}{6GAB''C}/{D'A''D'A}{''E'A''E'A}{8''FD'''D}-/{6''D'A''D'A}{''E'A''E'A},450002090,https://opac.rism.info/metaopac/search?View=rism&id=450002090,http://tudigit.ulb.tu-darmstadt.de/show/Mus-Ms-470-44-01/0002
30627881,Symphonie in D-Dur GWV 547 (1748),2. Tempo di sarabande,G-2,xFC,3,{'6FD8A}{8.A3B''nC}'4B/{6GE8G}2G/{6FBA''D}4'D,450002090,https://opac.rism.info/metaopac/search?View=rism&id=450002090,http://tudigit.ulb.tu-darmstadt.de/show/Mus-Ms-470-44-01/0002
30627882,Symphonie in D-Dur GWV 547 (1748),3. Air. Allegro,G-2,xFC,c,{'6FDAF}{''3DE6F3}{EF6G}{8FA}4-/{'6FDAF}{''3DE6F3}{EF6G}{8FD}4-/,450002090,https://opac.rism.info/metaopac/search?View=rism&id=450002090,http://tudigit.ulb.tu-darmstadt.de/show/Mus-Ms-470-44-01/0002
30627883,Symphonie in D-Dur GWV 547 (1748),4. Tempo di loure,G-2,xFC,3,{''8.At3GA}/4BB{8.C6E}/q4E2D{'8.At3GA}/4BBG/,450002090,https://opac.rism.info/metaopac/search?View=rism&id=450002090,http://tudigit.ulb.tu-darmstadt.de/show/Mus-Ms-470-44-01/0002
30627885,Symphonie in D-Dur GWV 547 (1748),5. Menuet,G-2,xFC,3,''2D{8.E6G}/q8G4F{8EF}4D/2E{8.F6A}/q4A2.G/4FGA/,450002090,https://opac.rism.info/metaopac/search?View=rism&id=450002090,http://tudigit.ulb.tu-darmstadt.de/show/Mus-Ms-470-44-01/0002
30627887,Symphonie in D-Dur GWV 547 (1748),6. Air en Gavotte,G-2,xFC,c,''4D'A/4.At{6B''C}4D'G/{8FAGA}{B''CDE}/4FAFD/,450002090,https://opac.rism.info/metaopac/search?View=rism&id=450002090,http://tudigit.ulb.tu-darmstadt.de/show/Mus-Ms-470-44-01/0002
30627897,Symphonie in D-Dur GWV 546 (1748),1. Allegro moderato,G-2,xFC,6/8,{''8D'AA}{FAA}/{''D'AA}qG{6FE8D}-/{''AEE}{CEE}/{AEE}q6D{C'B8A}-/,450002092,https://opac.rism.info/metaopac/search?View=rism&id=450002092,
30627898,Symphonie in D-Dur GWV 546 (1748),2. Poco allegro,G-2,xFCG,3,'2A{8BE}/{''C'A}4.B{6''CD}/{8C'A}''4FE/q8E2D4C/,450002092,https://opac.rism.info/metaopac/search?View=rism&id=450002092,
30627900,Symphonie in D-Dur GWV 546 (1748),3. Allegro,G-2,xFC,6/8,{'8DDD}{DDD}/{6DFGAB''C}{8D'D}-/{DE''D}{'GA''G}/{'EF''E}{'AB''A}/,450002092,https://opac.rism.info/metaopac/search?View=rism&id=450002092,
30627904,Symphonie in G-Dur GWV 602 (1748),1. Allegro,G-2,xF,2/4,''8D/{GGGG}/{6GD'B''D}{'8G''D}/{GDAD}/{BA}-'D/{GGGG}/,450002093,https://opac.rism.info/metaopac/search?View=rism&id=450002093,http://tudigit.ulb.tu-darmstadt.de/show/Mus-Ms-470-46/0002
30627906,Symphonie in G-Dur GWV 602 (1748),2. Andante,G-2,xF,6/8,'8B/{''8.E3FG}{6FA}{8GxD}E/4.Ct4'B''8E/q'A4.Gt4F8''F/,450002093,https://opac.rism.info/metaopac/search?View=rism&id=450002093,http://tudigit.ulb.tu-darmstadt.de/show/Mus-Ms-470-46/0002
30627907,Symphonie in G-Dur GWV 602 (1748),3. Allegro,G-2,xF,3/8,''4.D/G/{6FEDC'BA}/{BGFGBG}/{''8C6AG8A}/{'D6BA8B}/,450002093,https://opac.rism.info/metaopac/search?View=rism&id=450002093,http://tudigit.ulb.tu-darmstadt.de/show/Mus-Ms-470-46/0002
30627911,Symphonie in D-Dur GWV 548 (1748),1. Allegro,G-2,xFC,3,4-8-{'6AA}{AAAA}/{''8D'A}-{6AA}{AAAA}/{''8E'A}-{6AA}{AAAA}/,450002094,https://opac.rism.info/metaopac/search?View=rism&id=450002094,http://tudigit.ulb.tu-darmstadt.de/show/Mus-Ms-470-47/0002
30627912,Symphonie in D-Dur GWV 548 (1748),2. Andante,G-2,xFC,c,{'6.B''3D}/q6D{8C'E}{F''6.C3E}q6E{8DC}-{'6.B''3D}/q6D{8C'E}{F''6.C3E}q6E{6.D3Cq6C'8B},450002094,https://opac.rism.info/metaopac/search?View=rism&id=450002094,http://tudigit.ulb.tu-darmstadt.de/show/Mus-Ms-470-47/0002
30627914,Symphonie in D-Dur GWV 548 (1748),3. (ohne Bezeichnung),G-2,xFC,3,''4D{'8D3DEFG}{8AF}/i/B''4D{6(DC'B)}{8AG}/4FE-/,450002094,https://opac.rism.info/metaopac/search?View=rism&id=450002094,http://tudigit.ulb.tu-darmstadt.de/show/Mus-Ms-470-47/0002
30627916,Symphonie in D-Dur GWV 511 (1748),1. Allegro,G-2,xFC,6/8,{''6FA8DD}{'6FA8DD}/i/{B3B''C6D3CD6E}{8D'GF}/,450002095,https://opac.rism.info/metaopac/search?View=rism&id=450002095,http://tudigit.ulb.tu-darmstadt.de/show/Mus-Ms-470-48/0002
30627918,Symphonie in D-Dur GWV 511 (1748),2. Poco allegro,G-2,xFC,3,8-{'FB''D}q6E{8DC}/-{'F''CE}q6F{8ED}/-{6'BF}{''D'B''D'B}{336''FGA}{AGF}/,450002095,https://opac.rism.info/metaopac/search?View=rism&id=450002095,http://tudigit.ulb.tu-darmstadt.de/show/Mus-Ms-470-48/0002
30627920,Symphonie in D-Dur GWV 511 (1748),3. Presto,G-2,xFC,3/8,{'8DFA}/{''D6FDFD}/{8AGF}/q6F{8ED}-/{AGF}/q6F{8ED}-/,450002095,https://opac.rism.info/metaopac/search?View=rism&id=450002095,http://tudigit.ulb.tu-darmstadt.de/show/Mus-Ms-470-48/0002
30627924,Symphonie in D-Dur GWV 522 (1748),1. Vivace,G-2,xFC,c,!{'6D''AAA}{AAAA}!f/{36.AFGE}{FDEC}{6DD'AA}{FFDD}/,450002096,https://opac.rism.info/metaopac/search?View=rism&id=450002096,http://tudigit.ulb.tu-darmstadt.de/show/Mus-Ms-470-49/0002
30627926,Symphonie in D-Dur GWV 522 (1748),2. Menuet,G-2,xFC,3,'4ABt''Ct/D'2D/4ABt''Ct/,450002096,https://opac.rism.info/metaopac/search?View=rism&id=450002096,http://tudigit.ulb.tu-darmstadt.de/show/Mus-Ms-470-49/0002
30627927,Symphonie in D-Dur GWV 522 (1748),3. Air en Bouree,G-2,xFC,c,''4A/'''D''AA{6FG8A}/4DDDA/'''D''AA{6FG8A}/,450002096,https://opac.rism.info/metaopac/search?View=rism&id=450002096,http://tudigit.ulb.tu-darmstadt.de/show/Mus-Ms-470-49/0002
30627928,Symphonie in D-Dur GWV 522 (1748),4. Gigue,G-2,xFC,6/8,{''8.68AGA}/{FED}{'BAG}/{8AD}-!{'''D''D'''D}!/ff/,450002096,https://opac.rism.info/metaopac/search?View=rism&id=450002096,http://tudigit.ulb.tu-darmstadt.de/show/Mus-Ms-470-49/0002
30627930,Symphonie in D-Dur GWV 522 (1748),5. Air en Menuet,G-2,xFC,3,''4F/q8F4ED{8DC}/4D'DB/q8B4A{6AG8F}{6GF8E}/qG4F{8ED}4A/,450002096,https://opac.rism.info/metaopac/search?View=rism&id=450002096,http://tudigit.ulb.tu-darmstadt.de/show/Mus-Ms-470-49/0002
30627933,Symphonie in D-Dur GWV 523 (1748),1. Allegro,G-2,xFC,3,{'6D''DCD}{'8DDDD}/i/6!{D''DCD}!ff/,450002097,https://opac.rism.info/metaopac/search?View=rism&id=450002097,http://tudigit.ulb.tu-darmstadt.de/show/Mus-Ms-470-50/0002
30627935,Symphonie in D-Dur GWV 523 (1748),2. Poco allegro e contentamente,G-2,xF,2/4,{'8GB}{668BGA}/{A''C'B}4-/{6''(GFE)}{(DC'B)}qB8A-/,450002097,https://opac.rism.info/metaopac/search?View=rism&id=450002097,http://tudigit.ulb.tu-darmstadt.de/show/Mus-Ms-470-50/0002
30627937,Symphonie in D-Dur GWV 523 (1748),3. Presto,G-2,xFC,3/8,'8A/{''DDD}/{6DF'A''DCD}/8GqF4E/{6DF'A''DCD}/8AqG4F/,450002097,https://opac.rism.info/metaopac/search?View=rism&id=450002097,http://tudigit.ulb.tu-darmstadt.de/show/Mus-Ms-470-50/0002
30627940,Symphonie in D-Dur GWV 524 (1748),1. Allegro,G-2,xFC,6/8, {''8DDD}{DAD}/{'A''DD}{DAD}/{'A''DD}{D6C'BAG}/{FAEADA},450002098,https://opac.rism.info/metaopac/search?View=rism&id=450002098,http://tudigit.ulb.tu-darmstadt.de/show/Mus-Ms-470-51/0002
30627942,Symphonie in D-Dur GWV 524 (1748),2. Andante,F-4,xFC,2/4,"{,,8B'DC,B}/{xAB}-E/{D'D}-,B/",450002098,https://opac.rism.info/metaopac/search?View=rism&id=450002098,http://tudigit.ulb.tu-darmstadt.de/show/Mus-Ms-470-51/0002
30627943,Symphonie in D-Dur GWV 524 (1748),3. Presto,G-2,xFC,3/8,{''6DEDEDE}/i/{8'DFA}/{''D6FD8A}/{'ABG}/qG4F8-/,450002098,https://opac.rism.info/metaopac/search?View=rism&id=450002098,http://tudigit.ulb.tu-darmstadt.de/show/Mus-Ms-470-51/0002
30627947,Symphonie in D-Dur GWV 549 (1748),1. Vivace,G-2,xFC,c,'4DFt{8AD}-''B/q6B{8A6BG}{3AG6F}{3GF6E}{8FD}4-/,450002099,https://opac.rism.info/metaopac/search?View=rism&id=450002099,http://tudigit.ulb.tu-darmstadt.de/show/Mus-Ms-470-52/0002
30627948,Symphonie in D-Dur GWV 549 (1748),2. Menuet,G-2,xFC,3,{'8.Dt3EF}{6GAB''C}4D/FA-/{'8.Ft6G}4A''D/{8'D''D'D''D}4'D/,450002099,https://opac.rism.info/metaopac/search?View=rism&id=450002099,http://tudigit.ulb.tu-darmstadt.de/show/Mus-Ms-470-52/0002
30627950,Symphonie in D-Dur GWV 549 (1748),3. Rejouissance,G-2,xFC,12/8,''4.AGqq6ABr{8AFD}{'AFD}/''4.AGqq6ABr{8AFD}{'AFD}/''4.Eqq6FGr,450002099,https://opac.rism.info/metaopac/search?View=rism&id=450002099,http://tudigit.ulb.tu-darmstadt.de/show/Mus-Ms-470-52/0002
30627951,Symphonie in D-Dur GWV 549 (1748),4. Menuet,G-2,xFC,3/8,{''8A3AG6A'''8D}/i/{6'FDGDAD}/{8B''C}-/,450002099,https://opac.rism.info/metaopac/search?View=rism&id=450002099,http://tudigit.ulb.tu-darmstadt.de/show/Mus-Ms-470-52/0002
30627952,Symphonie in D-Dur GWV 549 (1748),5. Hornepipe,G-2,xFC,3,{''8FGA}/B4A{'6AF}{BG''C'A}/8''D'4D{''6EC}{FDxGE}/8A4xG{6FD}{ECD'B}/,450002099,https://opac.rism.info/metaopac/search?View=rism&id=450002099,http://tudigit.ulb.tu-darmstadt.de/show/Mus-Ms-470-52/0002
30627956,Symphonie in D-Dur GWV 542 (1748),1. Vivace,G-2,xFC,c,"{'6.D5EF3GAB''C}{6DFA'''D}''4D-/{,6.G5AB'3nCDEF}{6GB''DG},4G-/",450002100,https://opac.rism.info/metaopac/search?View=rism&id=450002100,http://tudigit.ulb.tu-darmstadt.de/show/Mus-Ms-470-53/0002
30627957,Symphonie in D-Dur GWV 542 (1748),2. Andante,G-2,xFC,3,Fehler:509,450002100,https://opac.rism.info/metaopac/search?View=rism&id=450002100,http://tudigit.ulb.tu-darmstadt.de/show/Mus-Ms-470-53/0002
30627959,Symphonie in D-Dur GWV 542 (1748),3. Presto,G-2,xFC,2/4,''8A/{D3DEFG}{8A'''D}/{''A'''D''A'''D}/{''D3DEFG}{8A'''D}/{''A'''D''AD}/,450002100,https://opac.rism.info/metaopac/search?View=rism&id=450002100,http://tudigit.ulb.tu-darmstadt.de/show/Mus-Ms-470-53/0002
30627962,Symphonie in D-Dur GWV 543 (1748),1. Allegro,G-2,xFC,3,{'8D''D}6-{'DD''D}{'D''D'D''D}/{'8D''D}6-{'DD''D}{'D''D'D''D}/{8'D''DFFAA}/,450002101,https://opac.rism.info/metaopac/search?View=rism&id=450002101,http://tudigit.ulb.tu-darmstadt.de/show/Mus-Ms-470-54/0002
30627964,Symphonie in D-Dur GWV 543 (1748),2. Largo e piano,G-2,xFCG,3,{'8.A6B}q''D{C'B8A}''q6E{DC8'B}/{6''C'A''8A}qnG4FE/{'8.E6F}qA{GF8E},450002101,https://opac.rism.info/metaopac/search?View=rism&id=450002101,http://tudigit.ulb.tu-darmstadt.de/show/Mus-Ms-470-54/0002
30627966,Symphonie in D-Dur GWV 543 (1748),3. Allegro,G-2,xFC,3,{'8D''DC'BAG}/{FBAGFE}/4''A'''DC/D''D-/,450002101,https://opac.rism.info/metaopac/search?View=rism&id=450002101,http://tudigit.ulb.tu-darmstadt.de/show/Mus-Ms-470-54/0002
30627969,Symphonie in D-Dur GWV 525 (1748),1. Allegro,G-2,xFC,c,{''8D'AAD}{DA}{8.At3B''C}/i/{6D'DFA}{''D'A''E'A},450002102,https://opac.rism.info/metaopac/search?View=rism&id=450002102,http://tudigit.ulb.tu-darmstadt.de/show/Mus-Ms-470-55/0002
30627971,Symphonie in D-Dur GWV 525 (1748),2. Menuet,G-2,xFC,3,''4D'AA/A{68.''D'ABG}/4ADD/qE2Dt{''6FG8A}/,450002102,https://opac.rism.info/metaopac/search?View=rism&id=450002102,http://tudigit.ulb.tu-darmstadt.de/show/Mus-Ms-470-55/0002
30627973,Symphonie in D-Dur GWV 525 (1748),3. Rigoudon,G-2,xFC,c,'4A/{6AB8''nC}{'BG}4B''xC/{6CD8E}{D'A}{''D'A''E'A}/{''6FG8A}{6AG8F},450002102,https://opac.rism.info/metaopac/search?View=rism&id=450002102,http://tudigit.ulb.tu-darmstadt.de/show/Mus-Ms-470-55/0002
30627975,Symphonie in D-Dur GWV 525 (1748),4. March,G-2,xFC,c,'8A/{''DDDD}!{8.Dt3CD}!f/{8EDDD}!{8.D3CD}!f/{8FD},450002102,https://opac.rism.info/metaopac/search?View=rism&id=450002102,http://tudigit.ulb.tu-darmstadt.de/show/Mus-Ms-470-55/0002
30627977,Symphonie in D-Dur GWV 525 (1748),5. Air en Menuet,G-2,xFC,3,''4D{6EF8G}{FE}/qG4F{8EF}{6DEFG}/{8AAA'''DD''A}/,450002102,https://opac.rism.info/metaopac/search?View=rism&id=450002102,http://tudigit.ulb.tu-darmstadt.de/show/Mus-Ms-470-55/0002
30627978,Symphonie in D-Dur GWV 525 (1748),6. Air en Bourée,G-2,xFC,c,''4D/8{C'A''D'A}{6''EF8G}4F/8'{AAAA}4A''D/8{'FFFF}4FA/,450002102,https://opac.rism.info/metaopac/search?View=rism&id=450002102,http://tudigit.ulb.tu-darmstadt.de/show/Mus-Ms-470-55/0002
30627982,Symphonie in D-Dur GWV 544 (1748),1. Allegro,G-2,xFC,3,{''8D'D}{6DFEF}{GAB''C}/i/{DCDE}{'AGAB}{FEFG}/,450002103,https://opac.rism.info/metaopac/search?View=rism&id=450002103,http://tudigit.ulb.tu-darmstadt.de/show/Mus-Ms-470-56/0002
30627983,Symphonie in D-Dur GWV 544 (1748),2. Largo e piano,G-2,xFCG,3,{'8.A''6C}4E{8.F3GA}/{'6B''8D6C}q4C'2B/{8.E6G}4B{''8.C3xDE}/,450002103,https://opac.rism.info/metaopac/search?View=rism&id=450002103,http://tudigit.ulb.tu-darmstadt.de/show/Mus-Ms-470-56/0002
30627984,Symphonie in D-Dur GWV 544 (1748),3. Presto,G-2,xFC,3/8,{'6DE8FE}/{DFA}/{''DFA}/{'''D''D}-/{A'A}-/{''D'D}-/,450002103,https://opac.rism.info/metaopac/search?View=rism&id=450002103,http://tudigit.ulb.tu-darmstadt.de/show/Mus-Ms-470-56/0002
30627987,Symphonie in G-Dur GWV 585 (1750),1. Allegro,G-2,xF,2/4,''8G/4G8-G/i/{'AA}{6AB''C'A}/{8BG}-''G/,450002104,https://opac.rism.info/metaopac/search?View=rism&id=450002104,http://tudigit.ulb.tu-darmstadt.de/show/Mus-Ms-470-57/0002
30627989,Symphonie in G-Dur GWV 585 (1750),2. Andante,G-2,bBE,3,'4D+{8.D6G}q8G{8.xF6''C}/q8C{'8.B6A}q8A4G-/G+{8.G''6C}q8C{'8.nB''6F}/,450002104,https://opac.rism.info/metaopac/search?View=rism&id=450002104,http://tudigit.ulb.tu-darmstadt.de/show/Mus-Ms-470-57/0002
30627991,Symphonie in G-Dur GWV 585 (1750),3. Menuet,G-2,xF,3,"'4G''DG/D--/C{8C'B''C'A}/4BD,G/",450002104,https://opac.rism.info/metaopac/search?View=rism&id=450002104,http://tudigit.ulb.tu-darmstadt.de/show/Mus-Ms-470-57/0002
30627992,Symphonie in G-Dur GWV 585 (1750),4. Allegro,G-2,xF,6/8,{''8GGD}{GGD}/{EDC}q8C4'B8A/{8.B3''xCD}{CD6E}{8D'A''3EF6G}/,450002104,https://opac.rism.info/metaopac/search?View=rism&id=450002104,http://tudigit.ulb.tu-darmstadt.de/show/Mus-Ms-470-57/0002
30627994,Symphonie in G-Dur GWV 586 (1750),1. Presto,G-2,xF,c,4-'B''DG/i/-DGB/i/,450002105,https://opac.rism.info/metaopac/search?View=rism&id=450002105,http://tudigit.ulb.tu-darmstadt.de/show/Mus-Ms-470-58/0002
30627995,Symphonie in G-Dur GWV 586 (1750),2. Andante,G-2,xF,3,{'8.B''6xD}q8D4.E8F/qF{8.G6xG}q4G2A/4C'B8-A/qA{8.Gt6F8EGFE}/,450002105,https://opac.rism.info/metaopac/search?View=rism&id=450002105,http://tudigit.ulb.tu-darmstadt.de/show/Mus-Ms-470-58/0002
30627997,Symphonie in G-Dur GWV 586 (1750),3. Menuet,G-2,xF,3,{'8GB}qB4A{8B''D}/qD4C{8'BGAF}/''G4D8nF4E/q8D4C'B-/,450002105,https://opac.rism.info/metaopac/search?View=rism&id=450002105,http://tudigit.ulb.tu-darmstadt.de/show/Mus-Ms-470-58/0002
30627999,Symphonie in G-Dur GWV 586 (1750),4. Allegro,G-2,xF,2/4,{''3DEF}/{8GDGD}/{G'G}-{''3DEFG}/{8ADAD}/{AD}-A/,450002105,https://opac.rism.info/metaopac/search?View=rism&id=450002105,http://tudigit.ulb.tu-darmstadt.de/show/Mus-Ms-470-58/0002
30628002,Symphonie in G-Dur GWV 587 (1750),1. Allegro,G-2,xF,2/4,"{''8DD}{D(6GFE)}/i/{8D,GB'D}/{G,G}4-/",450002106,https://opac.rism.info/metaopac/search?View=rism&id=450002106,http://tudigit.ulb.tu-darmstadt.de/show/Mus-Ms-470-59/0002
30628003,Symphonie in G-Dur GWV 587 (1750),2. Un poco allegro,G-2,bBE,c,'4.G8xFqF4.G8A/''qC{'8.B6A}q8A4G8-{A8.B''6C}/8D4D8E4DE/,450002106,https://opac.rism.info/metaopac/search?View=rism&id=450002106,http://tudigit.ulb.tu-darmstadt.de/show/Mus-Ms-470-59/0002
30628005,Symphonie in G-Dur GWV 587 (1750),3. Allegro,G-2,xF,c,''4D/GGGG/i/G{8FE}{DC'BA}/4BG,450002106,https://opac.rism.info/metaopac/search?View=rism&id=450002106,http://tudigit.ulb.tu-darmstadt.de/show/Mus-Ms-470-59/0002
30628007,Symphonie in G-Dur GWV 587 (1750),4. Allegro,G-2,xF,3/8,{'6GF8GA}/{B''CD}/{EFG}/4.D/{6ED8ED}/,450002106,https://opac.rism.info/metaopac/search?View=rism&id=450002106,http://tudigit.ulb.tu-darmstadt.de/show/Mus-Ms-470-59/0002
30628010,Symphonie in G-Dur GWV 588 (1750),1. Allegro,G-2,xF,c,{'6GGGG}{GGGG}{''DDDD}{DDDD}/{8G'EGE}{BE}4-/{''6CCCC},450002107,https://opac.rism.info/metaopac/search?View=rism&id=450002107,http://tudigit.ulb.tu-darmstadt.de/show/Mus-Ms-470-60/0002
30628012,Symphonie in G-Dur GWV 588 (1750),2. Un poco allegro,G-2,xF,c,",4B'4.G{8E8.F6xD}/4EB2-/4E''4.C{'8A8.B6xG}/",450002107,https://opac.rism.info/metaopac/search?View=rism&id=450002107,http://tudigit.ulb.tu-darmstadt.de/show/Mus-Ms-470-60/0002
30628014,Symphonie in G-Dur GWV 588 (1750),3. Menuet,G-2,xF,3,'2.G/A/{8''CG'B''G'A''G}/'4G''2D/,450002107,https://opac.rism.info/metaopac/search?View=rism&id=450002107,http://tudigit.ulb.tu-darmstadt.de/show/Mus-Ms-470-60/0002
30628016,Symphonie in G-Dur GWV 588 (1750),4. Presto,G-2,xF,2/4,"'4GA/8B4G8F/4,GA/{8BG}4-/''DG/",450002107,https://opac.rism.info/metaopac/search?View=rism&id=450002107,http://tudigit.ulb.tu-darmstadt.de/show/Mus-Ms-470-60/0002
30628019,Symphonie in D-Dur GWV 515 (1750),1. Allegro molto,G-2,xFC,c,{('3AB''C)}/{8D('3DEF)}{8G(3B''CD)}{8E'(3EFG)}{8A(3''CDE)}/{8F3('FGA)}{8B3''(DEF)}{6GG},450002108,https://opac.rism.info/metaopac/search?View=rism&id=450002108,http://tudigit.ulb.tu-darmstadt.de/show/Mus-Ms-470-61/0002
30628021,Symphonie in D-Dur GWV 515 (1750),2. Andante,G-2,bB,3/4,''8{DxCD}/4.'A{8''FEF}/q8E4.D8{AxGA}/{DDDDDD}/,450002108,https://opac.rism.info/metaopac/search?View=rism&id=450002108,http://tudigit.ulb.tu-darmstadt.de/show/Mus-Ms-470-61/0002
30628023,Symphonie in D-Dur GWV 515 (1750),3. Allegro,G-2,xFC,3/8,{''6DC}/{8DDD}/{D'A}{''6FE}/{8FFF}/{FD}{6AG}/{8AAA}/,450002108,https://opac.rism.info/metaopac/search?View=rism&id=450002108,http://tudigit.ulb.tu-darmstadt.de/show/Mus-Ms-470-61/0002
30628026,Symphonie in D-Dur GWV 730 (1750),1. Allegro,G-2,xFC,6/8,{''3AGFG8A}-{'3AGFG8A}-/!{6DDDDDD}!f/{''3AGFG8A},450002109,https://opac.rism.info/metaopac/search?View=rism&id=450002109,http://tudigit.ulb.tu-darmstadt.de/show/Mus-Ms-470-62/0002
30628027,Symphonie in D-Dur GWV 730 (1750),2. Andante,G-2,xFC,3,{'8.B''6C}q8C{8.D6C}q8C'4B/{666.3''GGGE}{FFFD}{EEEC}/{6DCDE}q8E4F-/,450002109,https://opac.rism.info/metaopac/search?View=rism&id=450002109,http://tudigit.ulb.tu-darmstadt.de/show/Mus-Ms-470-62/0002
30628028,Symphonie in D-Dur GWV 730 (1750),3. Allegro,G-2,xFC,3/8,{''8DDD}/i/i/{(6D'AF)}{(DFA)}''8D/{AAA}/i/,450002109,https://opac.rism.info/metaopac/search?View=rism&id=450002109,http://tudigit.ulb.tu-darmstadt.de/show/Mus-Ms-470-62/0002
30628030,Symphonie in D-Dur GWV 516 (1750),1. Allegro,G-2,xFC,c,''4D3-{DEFGFGA}{8.6B'B''GE}/q8D4C3-{'AB''CDEFG}{8A'B}4-/{6EGFA},450002110,https://opac.rism.info/metaopac/search?View=rism&id=450002110,http://tudigit.ulb.tu-darmstadt.de/show/Mus-Ms-470-63/0002
30628032,Symphonie in D-Dur GWV 516 (1750),2. Andante poco allegro,G-2,xFC,6/8,{'8.B6''C8D}'4F8''F/{GFE}q6E{8DC}-/{'8.B6''C8D}{'6(EGB)}{''ED}8-/,450002110,https://opac.rism.info/metaopac/search?View=rism&id=450002110,http://tudigit.ulb.tu-darmstadt.de/show/Mus-Ms-470-63/0002
30628034,Symphonie in D-Dur GWV 516 (1750),3. Menuet,G-2,xFC,3,''2.D/4.E{6FG}{8FE}/4GFE/4.D{6EF}4E/,450002110,https://opac.rism.info/metaopac/search?View=rism&id=450002110,http://tudigit.ulb.tu-darmstadt.de/show/Mus-Ms-470-63/0002
30628036,Symphonie in D-Dur GWV 516 (1750),4. Molto allegro,G-2,xFC,2/4,{''8D'DD''D}/q6E{DC8D}q6E{DC8D}/{E'AA''A}/'A-4-/,450002110,https://opac.rism.info/metaopac/search?View=rism&id=450002110,http://tudigit.ulb.tu-darmstadt.de/show/Mus-Ms-470-63/0002
30628040,Symphonie in F-Dur GWV 568 (1750),1. Allegro e vivace,G-2,bB,c,{'8FCCA}4A''C/{'8AFF''C}4CA/!{8FCFC}!f/,450002111,https://opac.rism.info/metaopac/search?View=rism&id=450002111,
30628041,Symphonie in F-Dur GWV 568 (1750),2. Andante e poco allegro,G-2,,3,'4G''C8.-6D/q8C{'8.B''6C}q8C4D8.-6E/{8.F3GA}{8(GFE)}{(DC'B)}/,450002111,https://opac.rism.info/metaopac/search?View=rism&id=450002111,
30628042,Symphonie in F-Dur GWV 568 (1750),3. Molto allegro,G-2,bB,6/8,{''8FFF}{F6AG8F}/{'FFF}{F6AG8F}/{''FGA}qA4.B/{'8AB''C}{DC}-/,450002111,https://opac.rism.info/metaopac/search?View=rism&id=450002111,
30628046,Symphonie in F-Dur GWV 569 (1750),1. Allegro,G-2,bB,12/8,'8C/{FFF}{FFF}{F6FEFG}{A''C'AFCE}/{8FFF}{FFF}{F6FEFG},450002112,https://opac.rism.info/metaopac/search?View=rism&id=450002112,
30628048,Symphonie in F-Dur GWV 569 (1750),2. Andante e poco allegro,G-2,bB,c,'4FGt{8AD}866-{''xC'A}/{''DEF}{EA'A}{8B''D}-{'6AF}/,450002112,https://opac.rism.info/metaopac/search?View=rism&id=450002112,
30628050,Symphonie in F-Dur GWV 569 (1750),3. Allegro,G-2,bB,2/4,{'8FFFF}/{FF}{6F3AGFGAB}/{8''C'FFF}/{FF}{6F3AGFGAB}/,450002112,https://opac.rism.info/metaopac/search?View=rism&id=450002112,
30628052,Symphonie in F-Dur GWV 569 (1750),4. Menuet,G-2,bB,3,'2F{8.G3AB}/{8A''C'BGAF}/{GBAFGE}/2.''C/,450002112,https://opac.rism.info/metaopac/search?View=rism&id=450002112,
30628055,Symphonie in F-Dur GWV 570 (1750),1. Allegro,G-2,bB,c,'8C/{FC}-A{AF}-''C/{FFFF}{8.Ft3EF}{8.Ft3EF}/{8GGGG}{8.Gt3FG}{8.Gt3FG}/,450002113,https://opac.rism.info/metaopac/search?View=rism&id=450002113,
30628057,Symphonie in F-Dur GWV 570 (1750),2. Andante,G-2,bBE,3/4,'4FB''C/qE2D4C/E{68.D'B''C'A}/{8.B''3CD}{6C'8.A},450002113,https://opac.rism.info/metaopac/search?View=rism&id=450002113,
30628059,Symphonie in F-Dur GWV 570 (1750),3. Allegro,G-2,bB,2/4,''4FGt/{8ACDE}/{F'AB''C}/{DC}4-/{6'FFFF}{FFFF}/,450002113,https://opac.rism.info/metaopac/search?View=rism&id=450002113,
30628061,Symphonie in F-Dur GWV 570 (1750),4. Tempo di menuet,G-2,bB,3,''4FFF/FFF/F{6'FGAG}4F/i/,450002113,https://opac.rism.info/metaopac/search?View=rism&id=450002113,
30628065,Symphonie in D-Dur GWV 550 (1750),1. Allegro,G-2,xFC,c,!{'6DDDD}!fff/{FDDD}{AFFF}{''D'AAA}{FAAA}/,450002114,https://opac.rism.info/metaopac/search?View=rism&id=450002114,http://tudigit.ulb.tu-darmstadt.de/show/Mus-Ms-470-67/0002
30628066,Symphonie in D-Dur GWV 550 (1750),2. Andante,G-2,xFC,c,'4.B8''DqD4.C8E/qE4D{68.GE}{FDEC}/4D2F4D/,450002114,https://opac.rism.info/metaopac/search?View=rism&id=450002114,http://tudigit.ulb.tu-darmstadt.de/show/Mus-Ms-470-67/0002
30628067,Symphonie in D-Dur GWV 550 (1750),3. Allegro,G-2,xFC,3/8,{336'DEF}{EFG}{FGA}/8G{336FGA}{GAB}/{6A''DD'ABG}/{8AD}-/,450002114,https://opac.rism.info/metaopac/search?View=rism&id=450002114,http://tudigit.ulb.tu-darmstadt.de/show/Mus-Ms-470-67/0002
30628069,Symphonie in D-Dur GWV 550 (1750),4. Presto,G-2,xFC,2/4,8.6-{''EFD}/{ExG}4A/8.6-{CD'B}/4''C'F/8.6-{ABG}/,450002114,https://opac.rism.info/metaopac/search?View=rism&id=450002114,http://tudigit.ulb.tu-darmstadt.de/show/Mus-Ms-470-67/0002
30628073,Symphonie in D-Dur GWV 551 (1750),1. Allegro,G-2,xFC,c,{''6D'AFA}{DFAF}{''D'AFA}{DFAF}/{''8D'A}{8.At3B''C}{8D'6DD}{FFAA}/{FADE},450002115,https://opac.rism.info/metaopac/search?View=rism&id=450002115,http://tudigit.ulb.tu-darmstadt.de/show/Mus-Ms-470-68/0002
30628075,Symphonie in D-Dur GWV 551 (1750),2. Andante,G-2,xFC,3,'8B''4C{6DC}qE{DC8'B}/4-8-{''6DC}qE{DC'8B}/,450002115,https://opac.rism.info/metaopac/search?View=rism&id=450002115,http://tudigit.ulb.tu-darmstadt.de/show/Mus-Ms-470-68/0002
30628077,Symphonie in D-Dur GWV 551 (1750),3. Tempo di menuet. Allegro,G-2,xFC,3,''8D4D{8DFA}/'A''4D{8DFA}/{338.DEF}{FED}{AGF}/,450002115,https://opac.rism.info/metaopac/search?View=rism&id=450002115,http://tudigit.ulb.tu-darmstadt.de/show/Mus-Ms-470-68/0002
30628079,Symphonie in D-Dur GWV 551 (1750),4. Presto,G-2,xFC,2/4,Fehler:533,450002115,https://opac.rism.info/metaopac/search?View=rism&id=450002115,http://tudigit.ulb.tu-darmstadt.de/show/Mus-Ms-470-68/0002
30628083,Symphonie in D-Dur GWV 552 (1750),1. Molto allegro,G-2,xFC,6/8,'8A/{''DD}---'A/{''EE}---'A/{''FFD}{AAD}/,450002116,https://opac.rism.info/metaopac/search?View=rism&id=450002116,http://tudigit.ulb.tu-darmstadt.de/show/Mus-Ms-470-69/0002
30628085,Symphonie in D-Dur GWV 552 (1750),2. Piano e poco allegro,G-2,xFC,3/8,{'8B3B''C6D}{3CD6E}/qE{DCqC'8B}-/{B3B''C6D}{3CD6E}/qE{8DC}-/,450002116,https://opac.rism.info/metaopac/search?View=rism&id=450002116,http://tudigit.ulb.tu-darmstadt.de/show/Mus-Ms-470-69/0002
30628086,Symphonie in D-Dur GWV 552 (1750),3. Allegro moderato,G-2,xFC,c,'4A/''D2'A{8BG}/4GF-B/{8A''DC'B}{AGFE}/,450002116,https://opac.rism.info/metaopac/search?View=rism&id=450002116,http://tudigit.ulb.tu-darmstadt.de/show/Mus-Ms-470-69/0002
30628087,Symphonie in D-Dur GWV 552 (1750),4. Allegro,G-2,xFC,3/8,''8A/{A6FADA}/i/{'A''DC'BAG}/qG{FE8D''A}/,450002116,https://opac.rism.info/metaopac/search?View=rism&id=450002116,http://tudigit.ulb.tu-darmstadt.de/show/Mus-Ms-470-69/0002
30628090,Symphonie in D-Dur GWV 553 (1750),1. Allegro,G-2,xFC,6/8,{''8.A6B8A}{D'A''D}/{EGF}qG4Ft8E/{8.A6B8A}{D'A''D}/{EGF},450002117,https://opac.rism.info/metaopac/search?View=rism&id=450002117,http://tudigit.ulb.tu-darmstadt.de/show/Mus-Ms-470-70/0002
30628092,Symphonie in D-Dur GWV 553 (1750),2. Andante,G-2,xFC,3,{''8(FED)}qD4C{3CD6E}8-/{('xAB''C)}qE4DC/{(6FEDC'8B)}{(FBB)}{(6B''C8DD)}/,450002117,https://opac.rism.info/metaopac/search?View=rism&id=450002117,http://tudigit.ulb.tu-darmstadt.de/show/Mus-Ms-470-70/0002
30628094,Symphonie in D-Dur GWV 553 (1750),3. Menuet,G-2,xFC,3,{''3FG8.A}4A8xG-/{3EF8.G}4.G{3EF6G}/{8FEDC'BA}/qA{GF}q4F2E/,450002117,https://opac.rism.info/metaopac/search?View=rism&id=450002117,http://tudigit.ulb.tu-darmstadt.de/show/Mus-Ms-470-70/0002
30628096,Symphonie in D-Dur GWV 553 (1750),4. Andante,G-2,xF,2/4,'2G/Aqq6B''Cr/{'8BGAD}/2''D/'G/Aqq6B''Cr/,450002117,https://opac.rism.info/metaopac/search?View=rism&id=450002117,http://tudigit.ulb.tu-darmstadt.de/show/Mus-Ms-470-70/0002
30628098,Symphonie in D-Dur GWV 553 (1750),5. Allegro,G-2,xFC,3/8,{'8D6FDxGE}/{8AB''C}/{6DCDEFxG}/{8A'A}-/{''BA}-/{CD}-/,450002117,https://opac.rism.info/metaopac/search?View=rism&id=450002117,http://tudigit.ulb.tu-darmstadt.de/show/Mus-Ms-470-70/0002
30628102,Symphonie in G-Dur GWV 589 (1751),1. Allegro,G-2,xF,c,"{,8G6AB}{'CDEF}{8GDAD}/{BG''G'G}{AD''D'D}/{,8G6AB}{'CDEF}{8GDAD}/",450002118,https://opac.rism.info/metaopac/search?View=rism&id=450002118,http://tudigit.ulb.tu-darmstadt.de/show/Mus-Ms-470-71/0002
30628103,Symphonie in G-Dur GWV 589 (1751),2. Tempo di menuet,G-2,xF,3,{8.6'GAB''C}{8.D3EF}/{8GDGDE}-/-{EDC'BA}/,450002118,https://opac.rism.info/metaopac/search?View=rism&id=450002118,http://tudigit.ulb.tu-darmstadt.de/show/Mus-Ms-470-71/0002
30628105,Symphonie in G-Dur GWV 589 (1751),3. Tempo di gavotte,G-2,xF,c,"'4GG/2Gqq6ABr4DD/,BG'BB/2Bqq6''CDr'4AD/",450002118,https://opac.rism.info/metaopac/search?View=rism&id=450002118,http://tudigit.ulb.tu-darmstadt.de/show/Mus-Ms-470-71/0002
30628106,Symphonie in G-Dur GWV 589 (1751),4. Allegro,G-2,xF,2/4,''8D/{G6FE}{DC'BA}/{8BGB''D}/i/{'BG}''4G/,450002118,https://opac.rism.info/metaopac/search?View=rism&id=450002118,http://tudigit.ulb.tu-darmstadt.de/show/Mus-Ms-470-71/0002
30628110,Symphonie in G-Dur GWV 590 (1751),1. Allegro,G-2,xF,c,"4-'DGG/{8GBAG}{FEDC}/,4BG'C,G/'D",450002119,https://opac.rism.info/metaopac/search?View=rism&id=450002119,http://tudigit.ulb.tu-darmstadt.de/show/Mus-Ms-470-72/0002
30628111,Symphonie in G-Dur GWV 590 (1751),2. Largo,G-2,bBE,c,'4G{6(AB''C)}{(C'BA)}''q8D{'6.B3Aq8AG}-''E/q8E{8.D6'xF}{(GAB)}{(AB''C)}q8C{'BA}4-/,450002119,https://opac.rism.info/metaopac/search?View=rism&id=450002119,http://tudigit.ulb.tu-darmstadt.de/show/Mus-Ms-470-72/0002
30628113,Symphonie in G-Dur GWV 590 (1751),3. Presto,G-2,xF,3/8,''8G/{FG}C/qC'4B''8G/{FG}'A/qA4G''8D/{6E'EAGFE}/,450002119,https://opac.rism.info/metaopac/search?View=rism&id=450002119,http://tudigit.ulb.tu-darmstadt.de/show/Mus-Ms-470-72/0002
30628117,Symphonie in G-Dur GWV 591 (1751),1. Allegro,G-2,xF,c,{''6DDDD}{DDDD}4GB/{6DDDD}{DDDD}4B'''D/{'6GGGG}{GGGG},450002120,https://opac.rism.info/metaopac/search?View=rism&id=450002120,http://tudigit.ulb.tu-darmstadt.de/show/Mus-Ms-470-73/0002
30628118,Symphonie in G-Dur GWV 591 (1751),2. Andante,G-2,xF,3,''2.G+/G+/{8GB}qB'''4.C''8E/,450002120,https://opac.rism.info/metaopac/search?View=rism&id=450002120,http://tudigit.ulb.tu-darmstadt.de/show/Mus-Ms-470-73/0002
30628119,Symphonie in G-Dur GWV 591 (1751),3. Allegro,G-2,xF,3/8,{''8GGG}/i/{'6GB''D'B''GD}/{8BGD}/{6'B''D'GAB''xC}/,450002120,https://opac.rism.info/metaopac/search?View=rism&id=450002120,http://tudigit.ulb.tu-darmstadt.de/show/Mus-Ms-470-73/0002
30628120,Symphonie in G-Dur GWV 591 (1751),4. Molto allegro,G-2,xF,2/4,'8G/{''DDDD}/{G'G}-D/{AAAA}/{''D'D}{''6EFGA}/,450002120,https://opac.rism.info/metaopac/search?View=rism&id=450002120,http://tudigit.ulb.tu-darmstadt.de/show/Mus-Ms-470-73/0002
30628124,Symphonie in G-Dur GWV 592 (1751),1. Molto allegro,G-2,xF,c,''8D/{G6DC}q8C{'B6AG}{''8G'G}6-{''DGB}/{8A6AG}qG{8F6ED}{8'''D''D}6-{DFA}/,450002121,https://opac.rism.info/metaopac/search?View=rism&id=450002121,http://tudigit.ulb.tu-darmstadt.de/show/Mus-Ms-470-74/0002
30628126,Symphonie in G-Dur GWV 592 (1751),2. Poco allegro,G-2,bBE,2/4,"'8D/{6G,G'8G}+{(6G''DC)}{('BAG)}/{A''D'8D}+{(6DAB)}{(''C'BA)}/''qC{'BAqA8G}-G/",450002121,https://opac.rism.info/metaopac/search?View=rism&id=450002121,http://tudigit.ulb.tu-darmstadt.de/show/Mus-Ms-470-74/0002
30628128,Symphonie in G-Dur GWV 592 (1751),3. Presto,G-2,xF,6/8,'8D/{6GBA''C'B''D}{8C6'A''CC'A}/{BG''C'G''D'G}{''8EDD}/{(6GFE)}{DGCG}{'BGGGGG}/,450002121,https://opac.rism.info/metaopac/search?View=rism&id=450002121,http://tudigit.ulb.tu-darmstadt.de/show/Mus-Ms-470-74/0002
30628132,Symphonie in G-Dur GWV 593 (1751),1. Vivace,G-2,xF,c,'4G''Eq8E4D8-'D/{6EnF8D}{6EG8xF}qF4.G8D/{6EnF8D}{6EG8xF},450002122,https://opac.rism.info/metaopac/search?View=rism&id=450002122,http://tudigit.ulb.tu-darmstadt.de/show/Mus-Ms-470-75/0002
30628133,Symphonie in G-Dur GWV 593 (1751),2. Andante e poco allegro,G-2,xF,3,{'6E''GGF}q8F4.G'8B/''q6C{'8BA}4--/{6D''FFE}q8E4.F'8A/,450002122,https://opac.rism.info/metaopac/search?View=rism&id=450002122,http://tudigit.ulb.tu-darmstadt.de/show/Mus-Ms-470-75/0002
30628135,Symphonie in G-Dur GWV 593 (1751),3. Allegro,G-2,xF,3,8-{'FGAB''C}/-{'GAB''CD}/{6'BGB''D}{8GGGG}/{6FDFA}{8'''DDDD}/,450002122,https://opac.rism.info/metaopac/search?View=rism&id=450002122,http://tudigit.ulb.tu-darmstadt.de/show/Mus-Ms-470-75/0002
30628137,Symphonie in G-Dur GWV 593 (1751),4. Presto,G-2,xF,3/8,{'6GFGAB''xC}/{DxCDEFD}/{8G'B''xC}/qxC4.D/,450002122,https://opac.rism.info/metaopac/search?View=rism&id=450002122,http://tudigit.ulb.tu-darmstadt.de/show/Mus-Ms-470-75/0002
30628141,Symphonie in D-Dur GWV 517 (1751),1. Allegro,G-2,xFC,c,8-{'A''DF}-{'A''EG}/-{6FD}{AFED}{8E'A}6-{GFE}/{FDGD},450002123,https://opac.rism.info/metaopac/search?View=rism&id=450002123,http://tudigit.ulb.tu-darmstadt.de/show/Mus-Ms-470-76/0002
30628143,Symphonie in D-Dur GWV 517 (1751),2. Andante,G-2,xFC,c,6-{''FFF}{FFFF}qG{F3EDq6FE3DC}q6E{D3C'Bq6''AG3FE}/{FDC'B}{''C'xAxGF},450002123,https://opac.rism.info/metaopac/search?View=rism&id=450002123,http://tudigit.ulb.tu-darmstadt.de/show/Mus-Ms-470-76/0002
30628145,Symphonie in D-Dur GWV 517 (1751),3. Menuet,G-2,xFC,3,''4D{6EDCD}{8ED}/4E{6FEDE}{8FE}/4A{6BAGF}{ECD'B}/,450002123,https://opac.rism.info/metaopac/search?View=rism&id=450002123,http://tudigit.ulb.tu-darmstadt.de/show/Mus-Ms-470-76/0002
30628147,Symphonie in D-Dur GWV 517 (1751),4. Presto,G-2,xFC,2/4,8-'A''4D/8-D4A/8-{FGE}/{FtE}6-{CEG}/,450002123,https://opac.rism.info/metaopac/search?View=rism&id=450002123,http://tudigit.ulb.tu-darmstadt.de/show/Mus-Ms-470-76/0002
30628151,Symphonie in C-Dur GWV 503 (1751),1. Allegro,G-2,,c,{''8C'G}{C''6CE}{DFEG}{FAGbB}/{8A'6CC}{CCCC}{''8G'6CC}{CCCC}/,450002124,https://opac.rism.info/metaopac/search?View=rism&id=450002124,http://tudigit.ulb.tu-darmstadt.de/show/Mus-Ms-470-77/0002
30628153,Symphonie in C-Dur GWV 503 (1751),2. Andante e piano,G-2,xF,3,{'8.Bt6''C}{DGD'B}{''8.E3FG}/{6'F''EDC}q8C4'BA/{6GABF}{F8G6E},450002124,https://opac.rism.info/metaopac/search?View=rism&id=450002124,http://tudigit.ulb.tu-darmstadt.de/show/Mus-Ms-470-77/0002
30628155,Symphonie in C-Dur GWV 503 (1751),3. Presto,G-2,,3/8,{''6CE8GG}/{GGG}/{6EG8'''CC}/{6C''CDEFG}/{8A6GAGF}/{8E6DEDC}/,450002124,https://opac.rism.info/metaopac/search?View=rism&id=450002124,http://tudigit.ulb.tu-darmstadt.de/show/Mus-Ms-470-77/0002
30628159,Symphonie in C-Dur GWV 504 (1751),1. Allegro,G-2,,c,"!''4C8.-'6C!f/''4C'C2-/!4G8.-,6G!f/",450002125,https://opac.rism.info/metaopac/search?View=rism&id=450002125,http://tudigit.ulb.tu-darmstadt.de/show/Mus-Ms-470-78/0002
30628160,Symphonie in C-Dur GWV 504 (1751),2. Allegro moderato,G-2,xF,6/8,{''8.D6E8D}D{8.E3FG}/{8'G6(AB''C)}{(C'BA)}''q8C'{BA}-/{''8.D6E8D}D{8.E3FG}/,450002125,https://opac.rism.info/metaopac/search?View=rism&id=450002125,http://tudigit.ulb.tu-darmstadt.de/show/Mus-Ms-470-78/0002
30628162,Symphonie in C-Dur GWV 504 (1751),3. Presto,G-2,,3/8,{''8.Ct3'B''C}{6EC}/{'GBA''C'B''D}/{CEDFEG}/q8G4F8E/{6DFq6F8E6DC}/,450002125,https://opac.rism.info/metaopac/search?View=rism&id=450002125,http://tudigit.ulb.tu-darmstadt.de/show/Mus-Ms-470-78/0002
30628166,Symphonie in C-Dur GWV 505 (1751),1. Allegro,G-2,,c,''2CDt/4EC2-/G8{FEDC}/4DC'G''C/2G,450002126,https://opac.rism.info/metaopac/search?View=rism&id=450002126,http://tudigit.ulb.tu-darmstadt.de/show/Mus-Ms-470-79/0002
30628168,Symphonie in C-Dur GWV 505 (1751),2. Andante,G-2,,3,{''8.C6D}q8D{8.E6B}q8B4'''C/{'8.A6B}q8B{''8.C6xG}q8G4A/{'8(AAA)}{(AAA)}{(AAA)}/,450002126,https://opac.rism.info/metaopac/search?View=rism&id=450002126,http://tudigit.ulb.tu-darmstadt.de/show/Mus-Ms-470-79/0002
30628170,Symphonie in C-Dur GWV 505 (1751),3. Presto,G-2,,6/8,{''8CCC}{CCC}/{C'EG}{''C'G''E}/{DDD}{DDD}/{D'GB}{''D'B''G}/{E'GF}{EDC}/,450002126,https://opac.rism.info/metaopac/search?View=rism&id=450002126,http://tudigit.ulb.tu-darmstadt.de/show/Mus-Ms-470-79/0002
30628174,Symphonie in C-Dur GWV 506 (1751),1. Molto allegro,G-2,,c,"{''6C'GAB}{''8C'G}{AG}4-/{''6C'GAB}{''8C'C}{D,G}4-/{''6C'GAB}{''6C'GAB}",450002127,https://opac.rism.info/metaopac/search?View=rism&id=450002127,http://tudigit.ulb.tu-darmstadt.de/show/Mus-Ms-470-80/0002
30628176,Symphonie in C-Dur GWV 506 (1751),2. Poco allegro e piano,G-2,,3,{''8.C6A}q8A4xG{'8.Bt3AB}/{8.''C6F}q8F4E{'8.xGt3FG}/{8.A''6A}{A'AAA},450002127,https://opac.rism.info/metaopac/search?View=rism&id=450002127,http://tudigit.ulb.tu-darmstadt.de/show/Mus-Ms-470-80/0002
30628178,Symphonie in C-Dur GWV 506 (1751),3. Presto,G-2,,3/8,"{''8C'6CCCC}/{''C'CCCCC}/{8CEG}/{''C'C}-/{G,6GGGG}/",450002127,https://opac.rism.info/metaopac/search?View=rism&id=450002127,http://tudigit.ulb.tu-darmstadt.de/show/Mus-Ms-470-80/0002
30628180,Symphonie in C-Dur GWV 506 (1751),4. Presto,G-2,,2/4,{''8CD}/{EGCD}/{EG}'''4C/CC/C{8''CD}/,450002127,https://opac.rism.info/metaopac/search?View=rism&id=450002127,http://tudigit.ulb.tu-darmstadt.de/show/Mus-Ms-470-80/0002
30628184,Symphonie in C-Dur GWV 507 (1751),1. Allegro,G-2,,c,{'8G6-E}{6.G3E6.G3E}''2C/{8E6-C}{6.E3C6.E3C}2A/'1Bt/,450002128,https://opac.rism.info/metaopac/search?View=rism&id=450002128,http://tudigit.ulb.tu-darmstadt.de/show/Mus-Ms-470-81/0002
30628186,Symphonie in C-Dur GWV 507 (1751),2. Allegro moderato,G-2,,2/4,"{''68.C'A}{xGB}/{8,(A'CE)}{(''C'AG)}/q8G{FE}4-/{68.''C'A}{xGB}/",450002128,https://opac.rism.info/metaopac/search?View=rism&id=450002128,http://tudigit.ulb.tu-darmstadt.de/show/Mus-Ms-470-81/0002
30628188,Symphonie in C-Dur GWV 507 (1751),3. Presto,G-2,,3/8,{''8C6ECFC}/8G4G/{6A'''C''BABG}/8'''C4''C/{6DFEDEC}/,450002128,https://opac.rism.info/metaopac/search?View=rism&id=450002128,http://tudigit.ulb.tu-darmstadt.de/show/Mus-Ms-470-81/0002
30628192,Symphonie in D-Dur GWV 518 (1751),1. Allegro,G-2,xFC,c,{''6DFED}{C'BAG}{FDGD}{ADBD}/{''C'A''D'A}{''E'A''F'A}{''8GF}4-/A,450002129,https://opac.rism.info/metaopac/search?View=rism&id=450002129,http://tudigit.ulb.tu-darmstadt.de/show/Mus-Ms-470-82/0002
30628194,Symphonie in D-Dur GWV 518 (1751),2. Andante,G-2,bB,3,'4.D8E4F/GAB/{8.A6E}4FF/q8G2Ft4E/,450002129,https://opac.rism.info/metaopac/search?View=rism&id=450002129,http://tudigit.ulb.tu-darmstadt.de/show/Mus-Ms-470-82/0002
30628196,Symphonie in D-Dur GWV 518 (1751),3. Menuet,G-2,xFC,3,{''8.Dt6C}{D'AFA}{BGBG}/8''D4A{8GGtF}/E4G{8FFtE}/{8.D6E}{FAFD},450002129,https://opac.rism.info/metaopac/search?View=rism&id=450002129,http://tudigit.ulb.tu-darmstadt.de/show/Mus-Ms-470-82/0002
30628198,Symphonie in D-Dur GWV 518 (1751),4. Presto,G-2,xFC,6/8,{''8DDD}{DDD}/{FDD}{DDD}/{ADD}{DDD}/,450002129,https://opac.rism.info/metaopac/search?View=rism&id=450002129,http://tudigit.ulb.tu-darmstadt.de/show/Mus-Ms-470-82/0002
30628201,Symphonie in C-Dur GWV 508 (1751),1. Allegro,G-2,,3,!{'6CEDC}!ff/i/{''8GGGG},450002130,https://opac.rism.info/metaopac/search?View=rism&id=450002130,http://tudigit.ulb.tu-darmstadt.de/show/Mus-Ms-470-83/0002
30628202,Symphonie in C-Dur GWV 508 (1751),2. Allegro moderato,G-2,xF,c,'4D/664.{GA}B{B''C}D/2G{68.FD}{C'A}/2''E{68.D'B}{AF}/,450002130,https://opac.rism.info/metaopac/search?View=rism&id=450002130,http://tudigit.ulb.tu-darmstadt.de/show/Mus-Ms-470-83/0002
30628204,Symphonie in C-Dur GWV 508 (1751),3. Presto,G-2,,6/8,"'8G/{''CCC}{C8.Ct3'B''C}/{8GD'B}{G,G'G}/{''DDD}{D8.Dt3CD}/",450002130,https://opac.rism.info/metaopac/search?View=rism&id=450002130,http://tudigit.ulb.tu-darmstadt.de/show/Mus-Ms-470-83/0002
30628208,Symphonie in G-Dur GWV 594 (1751),1. Allegro,G-2,xF,6/8,''8D/{GGG}4G8B/4B'''8D4D8D/{''B'''D''D}{DD'''D}/,450002131,https://opac.rism.info/metaopac/search?View=rism&id=450002131,http://tudigit.ulb.tu-darmstadt.de/show/Mus-Ms-470-84/0002
30628210,Symphonie in G-Dur GWV 594 (1751),2. Largo e piano,G-2,xFC,12/8,'8A/qG{8.F6G8A}{36.BG''D'BA''D}q4D4.C+4C8D/{'8.E6F8G}{36.FEBAEG},450002131,https://opac.rism.info/metaopac/search?View=rism&id=450002131,http://tudigit.ulb.tu-darmstadt.de/show/Mus-Ms-470-84/0002
30628212,Symphonie in G-Dur GWV 594 (1751),3. Menuet,G-2,xF,3,'4G''qq6CDr4ED/'qG2F4G/{8DEFGAB}/q4B''2.C/,450002131,https://opac.rism.info/metaopac/search?View=rism&id=450002131,http://tudigit.ulb.tu-darmstadt.de/show/Mus-Ms-470-84/0002
30628214,Symphonie in G-Dur GWV 594 (1751),4. Allegro,G-2,xF,2/4,''4GA/8-FqF4G/8-D{(EDC)}/qC4'BA/(8-{GA}){(B''CD)}/,450002131,https://opac.rism.info/metaopac/search?View=rism&id=450002131,http://tudigit.ulb.tu-darmstadt.de/show/Mus-Ms-470-84/0002
30628217,Symphonie in C-Dur GWV 509 (1751),1. Molto allegro,G-2,,2/4,''8C/{GGGG}/i/{'''C''GGG}/qA4.Gt{3GFED}/{8C'''C''CC}/,450002132,https://opac.rism.info/metaopac/search?View=rism&id=450002132,http://tudigit.ulb.tu-darmstadt.de/show/Mus-Ms-470-85/0002
30628219,Symphonie in C-Dur GWV 509 (1751),2. Allegro moderato,G-2,xF,3/8,''8D/q8C{'8.B6A8G}/{''6GG8G}C/q8C{'8.B6A8G}/{''6EE}{8ED}/,450002132,https://opac.rism.info/metaopac/search?View=rism&id=450002132,http://tudigit.ulb.tu-darmstadt.de/show/Mus-Ms-470-85/0002
30628221,Symphonie in C-Dur GWV 509 (1751),3. Presto,G-2,,6/8,''8C/{GGG}{GGG}/{'''C''GE}{C'G''D}/{6E'B''CDEF}{G'GAB''CD}/,450002132,https://opac.rism.info/metaopac/search?View=rism&id=450002132,http://tudigit.ulb.tu-darmstadt.de/show/Mus-Ms-470-85/0002
30628225,Symphonie in D-Dur GWV 519 (1751),1. Molto allegro,G-2,xFC,12/8,'8A/{''D'AA}{AAA}{''FDD}{DDD}/{AFF}{FFF}'''4.D+{8D''FD}/,450002133,https://opac.rism.info/metaopac/search?View=rism&id=450002133,http://tudigit.ulb.tu-darmstadt.de/show/Mus-Ms-470-86/0002
30628227,Symphonie in D-Dur GWV 519 (1751),2. Andante,G-2,xFC,c,{'8.B''6Dq8D8.C6E}q6E{8(D'B''C)}{(DC'B)}/{''(F'FF)}{(FFF)}4F-/{8.6GBA''nC},450002133,https://opac.rism.info/metaopac/search?View=rism&id=450002133,http://tudigit.ulb.tu-darmstadt.de/show/Mus-Ms-470-86/0002
30628229,Symphonie in D-Dur GWV 519 (1751),3. Menuet,G-2,xFC,3,'4D2D/4AAA/''2D'4A/q8G4.Ft8E4D/A,450002133,https://opac.rism.info/metaopac/search?View=rism&id=450002133,http://tudigit.ulb.tu-darmstadt.de/show/Mus-Ms-470-86/0002
30628231,Symphonie in D-Dur GWV 519 (1751),4. Presto,G-2,xFC,2/4,{''8D'D}-''F/{EFGA}/{6FDCD}{EFGA}/{B'B''CD}{EFGE}/,450002133,https://opac.rism.info/metaopac/search?View=rism&id=450002133,http://tudigit.ulb.tu-darmstadt.de/show/Mus-Ms-470-86/0002
30628235,Symphonie in G-Dur GWV 603 (1751),1. Allegro,G-2,xF,c,"{'8G6BA}{8BG}{D6GF}{8GD}/{,G'6BA}{8BG}{D6GF}{8GD}/{6,G'AB''C}{'B''CDE}",450002134,https://opac.rism.info/metaopac/search?View=rism&id=450002134,http://tudigit.ulb.tu-darmstadt.de/show/Mus-Ms-470-87/0002
30628236,Symphonie in G-Dur GWV 603 (1751),2. Allegro moderato,G-2,xF,6/8,{''8.Gt6F8E}q6G{8FExD}/6(-{EF}){(GFE)}'''8E6(-{'EF}){(GFE)}''8E/{8.D6'B''C'A}q8A4.(xG)/,450002134,https://opac.rism.info/metaopac/search?View=rism&id=450002134,http://tudigit.ulb.tu-darmstadt.de/show/Mus-Ms-470-87/0002
30628238,Symphonie in G-Dur GWV 603 (1751),3. Tempo di Menuet.. Allegro,G-2,xF,3,{''8DG}q6A{8G6FG}qB{8A6GA}/4BGq6B{8A6GF}/4G'G''q6C{'8B6AG}/4''C'BA/,450002134,https://opac.rism.info/metaopac/search?View=rism&id=450002134,http://tudigit.ulb.tu-darmstadt.de/show/Mus-Ms-470-87/0002
30628240,Symphonie in G-Dur GWV 603 (1751),4. Presto,G-2,xF,2/4,'8D/{GD}{6BGFG}/{8AD}6-{AGA}/{BGBG}{''ECEC}/,450002134,https://opac.rism.info/metaopac/search?View=rism&id=450002134,http://tudigit.ulb.tu-darmstadt.de/show/Mus-Ms-470-87/0002
30628244,Symphonie in E-Dur GWV 562 (1751),1. Allegro,G-2,xFCGD,c,''4E'B{6GEBG}{EFGA}/{8BB}{8.Bt3AB}{''8C'B}4-/''E'B{6GEBG}{8EB}/,450002135,https://opac.rism.info/metaopac/search?View=rism&id=450002135,http://tudigit.ulb.tu-darmstadt.de/show/Mus-Ms-470-88/0002
30628246,Symphonie in E-Dur GWV 562 (1751),2. Andante,G-2,xF,3,{''8.6GEAEBG}/q4F2E4-/{8.6E'B''FAGE}/,450002135,https://opac.rism.info/metaopac/search?View=rism&id=450002135,http://tudigit.ulb.tu-darmstadt.de/show/Mus-Ms-470-88/0002
30628248,Symphonie in E-Dur GWV 562 (1751),3. Allegro,G-2,xFCGD,3/8,{'8E336GFE}{BAG}/{6''E'E}{336''EFG}{GFE}/{6F'B}{''336FGA}{AGF}/q6A{8GF}-/,450002135,https://opac.rism.info/metaopac/search?View=rism&id=450002135,http://tudigit.ulb.tu-darmstadt.de/show/Mus-Ms-470-88/0002
30628252,Symphonie in D-Dur GWV 536 (1751),1. Molto allegro,G-2,xFC,c,'8D/{AAAA}{''D'A}-A/{''DDDD}{FD}-D/{AA},450002136,https://opac.rism.info/metaopac/search?View=rism&id=450002136,http://tudigit.ulb.tu-darmstadt.de/show/Mus-Ms-470-89/0002
30628254,Symphonie in D-Dur GWV 536 (1751),2. Andante e piano,G-2,xFC,3,"'2.D/E/{6.F5GA8D}{D,AA'E}/qG{8.F6E}q8E4D-/",450002136,https://opac.rism.info/metaopac/search?View=rism&id=450002136,http://tudigit.ulb.tu-darmstadt.de/show/Mus-Ms-470-89/0002
30628256,Symphonie in D-Dur GWV 536 (1751),3. Allegro,G-2,xFC,3/8,{'8A''DE}/{6FDGDAD}/{8BCD}/{EF}-/{8.At3GA6}{BG}/,450002136,https://opac.rism.info/metaopac/search?View=rism&id=450002136,http://tudigit.ulb.tu-darmstadt.de/show/Mus-Ms-470-89/0002
30628258,Symphonie in D-Dur GWV 536 (1751),4. Menuet,G-2,xFC,3,'2D4E/{8FDGDAD}/4B''CD/Eq8G4F{8ED}/,450002136,https://opac.rism.info/metaopac/search?View=rism&id=450002136,http://tudigit.ulb.tu-darmstadt.de/show/Mus-Ms-470-89/0002
30628262,Symphonie in F-Dur GWV 576 (1751),1. Molto allegro,G-2,bB,c,''4C'A''FC/{8A'''CCC}{CCCC}/{''3EF6GCD}{EFGA},450002137,https://opac.rism.info/metaopac/search?View=rism&id=450002137,http://tudigit.ulb.tu-darmstadt.de/show/Mus-Ms-470-90/0002
30628263,Symphonie in F-Dur GWV 576 (1751),2. Andante e poco allegro,G-2,bB,c,'8A4D8xCqC4D{8.G3AB}/i/8A''4D8xCqC4D'F/,450002137,https://opac.rism.info/metaopac/search?View=rism&id=450002137,http://tudigit.ulb.tu-darmstadt.de/show/Mus-Ms-470-90/0002
30628265,Symphonie in F-Dur GWV 576 (1751),3. Allegro,G-2,bB,2/4,8-{'FEF}/{GFEF}/-{GFG}/{AGFG}/{338.AB''C}{'B''CD}/,450002137,https://opac.rism.info/metaopac/search?View=rism&id=450002137,http://tudigit.ulb.tu-darmstadt.de/show/Mus-Ms-470-90/0002
30628267,Symphonie in F-Dur GWV 576 (1751),4. Molto allegro,G-2,bB,3/8,{''8C8.Ct3'B''C}/{8DCC}/i/{FC}-/{'G8.Gt3FG}/{8AGG}/,450002137,https://opac.rism.info/metaopac/search?View=rism&id=450002137,http://tudigit.ulb.tu-darmstadt.de/show/Mus-Ms-470-90/0002
30628270,Symphonie in G-Dur GWV 604 (1751),1. Allegro,G-2,xF,12/8,"{,8GAB}{'CDE}{DEF}{GAB}/'''2.D+4.D+4D''8D/{GDD}",450002138,https://opac.rism.info/metaopac/search?View=rism&id=450002138,http://tudigit.ulb.tu-darmstadt.de/show/Mus-Ms-470-91/0002
30628272,Symphonie in G-Dur GWV 604 (1751),2. Moderato,G-2,xF,c,'1F/B/8-{''Dq6D8xC'B}qB4xAB/,450002138,https://opac.rism.info/metaopac/search?View=rism&id=450002138,http://tudigit.ulb.tu-darmstadt.de/show/Mus-Ms-470-91/0002
30628273,Symphonie in G-Dur GWV 604 (1751),3. Menuet,G-2,xF,3,'2.G/4''EDC/q8C'4BAG/A2''C/4'B''2E/,450002138,https://opac.rism.info/metaopac/search?View=rism&id=450002138,http://tudigit.ulb.tu-darmstadt.de/show/Mus-Ms-470-91/0002
30628275,Symphonie in G-Dur GWV 604 (1751),4. Presto,G-2,xF,3/8,{'6GF8GA}/{B''CD}/{EFG}/{AB}-/{6C'B''8C'B}/{''EDC}/,450002138,https://opac.rism.info/metaopac/search?View=rism&id=450002138,http://tudigit.ulb.tu-darmstadt.de/show/Mus-Ms-470-91/0002
30628279,Symphonie in D-Dur GWV 526 (1751),1. Molto allegro,G-2,xFC,c,{''(8D'AF)}{(8DFA)}{''(8D'A''D)}{(8E'A''E)}/{FD}'4DDD/{''(8D'AF)}{(DFA)},450002139,https://opac.rism.info/metaopac/search?View=rism&id=450002139,http://tudigit.ulb.tu-darmstadt.de/show/Mus-Ms-470-92/0002
30628281,Symphonie in D-Dur GWV 526 (1751),2. Poco allegro,G-2,xFC,2/4,{'6AEE''C}{C'AA''G}/qG{8FE}4-/{6'xGEEB}{BEE''D}/,450002139,https://opac.rism.info/metaopac/search?View=rism&id=450002139,http://tudigit.ulb.tu-darmstadt.de/show/Mus-Ms-470-92/0002
30628283,Symphonie in D-Dur GWV 526 (1751),3. Presto,G-2,xFC,3/8,{''8DDD}/i/{D6FDAF}/4.'''D/{'8BBB}/,450002139,https://opac.rism.info/metaopac/search?View=rism&id=450002139,http://tudigit.ulb.tu-darmstadt.de/show/Mus-Ms-470-92/0002
30628287,Symphonie in D-Dur GWV 527 (1751),1. Allegro assai,G-2,xFC,6/8,"{'6.D3F}{8EF}{,6.A'3F}{8EG}/{6F5AGFE}6{DDDD}{6.C3E,8A}-/''{6.D3F}8{EF}",450002140,https://opac.rism.info/metaopac/search?View=rism&id=450002140,http://tudigit.ulb.tu-darmstadt.de/show/Mus-Ms-470-93/0002
30628288,Symphonie in D-Dur GWV 527 (1751),2. Andante e piano,G-2,xFC,3/8,{'6(B''CD)}{(DC'B)}''8B/qG4.F/{6'(B''CD)}{(DC'B)}{(''GFE)}/,450002140,https://opac.rism.info/metaopac/search?View=rism&id=450002140,http://tudigit.ulb.tu-darmstadt.de/show/Mus-Ms-470-93/0002
30628290,Symphonie in D-Dur GWV 527 (1751),3. Presto,G-2,xFC,3/8,{86.38'DFDA}/{DFD''D}/{'DFD''F}/{'DFD''A}/{8'D6EDFE}/{GFAGBA}/,450002140,https://opac.rism.info/metaopac/search?View=rism&id=450002140,http://tudigit.ulb.tu-darmstadt.de/show/Mus-Ms-470-93/0002
30628294,Symphonie in D-Dur GWV 528 (1751),1. Allegro molto,G-2,xFC,c,!{''6DDDD}{'DDDD}!f/f{8''D'D}4-/,450002141,https://opac.rism.info/metaopac/search?View=rism&id=450002141,http://tudigit.ulb.tu-darmstadt.de/show/Mus-Ms-470-94/0002
30628295,Symphonie in D-Dur GWV 528 (1751),2. Poco allegro,G-2,xF,2/4,''8D/{6GDDxC}q8C{D6(BAG)}/{AxCq8CD}-'B/{''6G'BBxA}q8A{B6''(GFE)}/,450002141,https://opac.rism.info/metaopac/search?View=rism&id=450002141,http://tudigit.ulb.tu-darmstadt.de/show/Mus-Ms-470-94/0002
30628297,Symphonie in D-Dur GWV 528 (1751),3. Presto,G-2,xFC,6/8,'8A/{6''DtC8D'F}{AD''D}/{6AtxG8AC}{E'A''E}/{6FG8AG}{6FAFD'A''F}/,450002141,https://opac.rism.info/metaopac/search?View=rism&id=450002141,http://tudigit.ulb.tu-darmstadt.de/show/Mus-Ms-470-94/0002
30628301,Symphonie in D-Dur GWV 529 (1751),1. Molto allegro,G-2,xFC,c,{''8D'DDD}{FAFD}/{8.''Dt3CD}{8.Et3DE}{8.Ft3EF}{8.Gt3FG}/{8.33AFG}{AFG},450002142,https://opac.rism.info/metaopac/search?View=rism&id=450002142,http://tudigit.ulb.tu-darmstadt.de/show/Mus-Ms-470-95/0002
30628303,Symphonie in D-Dur GWV 529 (1751),2. Andante,G-2,xFC,3,''2.D/C/{6D'B''E'B}{''F'B''xG'B},450002142,https://opac.rism.info/metaopac/search?View=rism&id=450002142,http://tudigit.ulb.tu-darmstadt.de/show/Mus-Ms-470-95/0002
30628305,Symphonie in D-Dur GWV 529 (1751),3. Presto,G-2,xFC,3,'4D8{E''D'F''D}/4'G8{F''D'G''D}/4'A8{B''ACA}/{DACADA}/,450002142,https://opac.rism.info/metaopac/search?View=rism&id=450002142,http://tudigit.ulb.tu-darmstadt.de/show/Mus-Ms-470-95/0002
30628309,Symphonie in D-Dur GWV 556 (1751),1. Molto allegro,G-2,xFC,c,{'8DDDD}{D6FE}{DEFG}/{8ADDD}{D6FE}{DEFG}/{8ADDD}{DD},450002143,https://opac.rism.info/metaopac/search?View=rism&id=450002143,http://tudigit.ulb.tu-darmstadt.de/show/Mus-Ms-470-96/0002
30628311,Symphonie in D-Dur GWV 556 (1751),2. Poco allegro,G-2,xFC,c,8-{''FFF}{F6BxA}{8B'''D}/-{''FFF}{F6'''C''B}{8'''CE}/-{''FFF},450002143,https://opac.rism.info/metaopac/search?View=rism&id=450002143,http://tudigit.ulb.tu-darmstadt.de/show/Mus-Ms-470-96/0002
30628312,Symphonie in D-Dur GWV 556 (1751),3. Presto,G-2,xFC,2/4,''4Aq6G{8.F6E}/q8E4D8-'A/{668AB''nC}{C'BA}/{8BG}4-/,450002143,https://opac.rism.info/metaopac/search?View=rism&id=450002143,http://tudigit.ulb.tu-darmstadt.de/show/Mus-Ms-470-96/0002
30628314,Symphonie in D-Dur GWV 556 (1751),4. Allegro,G-2,xFC,3/8,"{'6FDAF''D'A}/{''FD}4A/{6'D,A'FDAF}/{8''D'D}-/{''A6GEFD}/",450002143,https://opac.rism.info/metaopac/search?View=rism&id=450002143,http://tudigit.ulb.tu-darmstadt.de/show/Mus-Ms-470-96/0002
30628318,Symphonie in D-Dur GWV 554 (1751),1. Molto allegro,G-2,xFC,12/8,{'8D''DE}{FGA}{D'DD}{DDD}/{D''DE}{FGA}{BDD}{'B''DD}/{ADD},450002144,https://opac.rism.info/metaopac/search?View=rism&id=450002144,http://tudigit.ulb.tu-darmstadt.de/show/Mus-Ms-470-97/0002
30628320,Symphonie in D-Dur GWV 554 (1751),2. Andante e piano,G-2,xFC,3,{''6DFCF}{'B''F'F''F}{'B''GCE}/gE{DC'8B}4--/{6''EDDC},450002144,https://opac.rism.info/metaopac/search?View=rism&id=450002144,http://tudigit.ulb.tu-darmstadt.de/show/Mus-Ms-470-97/0002
30628322,Symphonie in D-Dur GWV 554 (1751),3. Presto,G-2,xFC,3,''4D{6FE8D}4A/{8.6DEFG}4A/{8FA}4'''D''B/q6A{8.G6F}q8F4E-/,450002144,https://opac.rism.info/metaopac/search?View=rism&id=450002144,http://tudigit.ulb.tu-darmstadt.de/show/Mus-Ms-470-97/0002
30628325,Symphonie in D-Dur GWV 545 (1751),1. Molto allegro,G-2,xFC,12/8,{''8D'DD}{D3-DEFGAB''C}!{8DDD}!f/{D'DD}{D3-DEFGAB''C},450002145,https://opac.rism.info/metaopac/search?View=rism&id=450002145,http://tudigit.ulb.tu-darmstadt.de/show/Mus-Ms-470-98/0002
30628327,Symphonie in D-Dur GWV 545 (1751),2. Andante,G-2,xFC,2/4,''2B/{8xA'F}4-/''2D/{8C'F}4-/,450002145,https://opac.rism.info/metaopac/search?View=rism&id=450002145,http://tudigit.ulb.tu-darmstadt.de/show/Mus-Ms-470-98/0002
30628329,Symphonie in D-Dur GWV 545 (1751),3. Presto,G-2,xFC,6/8,{8.68''DED}{DED}/{8D'A''D}{FD}-/'4.D+D+/D+{8D''CD}/,450002145,https://opac.rism.info/metaopac/search?View=rism&id=450002145,http://tudigit.ulb.tu-darmstadt.de/show/Mus-Ms-470-98/0002
30628333,Symphonie in G-Dur GWV 607 (1751),1. Allegro,C-3,xF,c,{'8GDDB}{6B''C'AB}{''C'BAG}/{8ADD''C}{6CD'B''C}{DC'BA}/{8BGG''D},450002146,https://opac.rism.info/metaopac/search?View=rism&id=450002146,http://tudigit.ulb.tu-darmstadt.de/show/Mus-Ms-470-99/0002
30628334,Symphonie in G-Dur GWV 607 (1751),2. Andante,C-3,xF,6/8,"'4E,8B{B'6.E5FG6FE}/4F8,B{B'6.F5GA6GF}/",450002146,https://opac.rism.info/metaopac/search?View=rism&id=450002146,http://tudigit.ulb.tu-darmstadt.de/show/Mus-Ms-470-99/0002
30628335,Symphonie in G-Dur GWV 607 (1751),3. Allegro,G-2,xF,3,"'2G4D/{8,B'D,G'DGB}/q4B2A{8FA}/{FADFA''C}/qC'4BA-/",450002146,https://opac.rism.info/metaopac/search?View=rism&id=450002146,http://tudigit.ulb.tu-darmstadt.de/show/Mus-Ms-470-99/0002
30628339,Symphonie in G-Dur GWV 608 (1751),1. Allegro,G-2,xF,3,"{,6GGGG}{GGGG}{GGGG}/{8G''EDC'BA}/{GEDC,BA}/",450002147,https://opac.rism.info/metaopac/search?View=rism&id=450002147,http://tudigit.ulb.tu-darmstadt.de/show/Mus-Ms-470-100/0002
30628340,Symphonie in G-Dur GWV 608 (1751),2. Andante e poco allegro,C-3,xF,c,4-{'8GF}qA4G{8FE}/1B/8-{FAG}qB4A{8GF}/,450002147,https://opac.rism.info/metaopac/search?View=rism&id=450002147,http://tudigit.ulb.tu-darmstadt.de/show/Mus-Ms-470-100/0002
30628342,Symphonie in G-Dur GWV 608 (1751),3. Allegro,C-3,xF,2/4,'8G4D8G/qG4F8-G/A4B8''C/{C'B}-G/,450002147,https://opac.rism.info/metaopac/search?View=rism&id=450002147,http://tudigit.ulb.tu-darmstadt.de/show/Mus-Ms-470-100/0002
